"ID","w1pca","w1rwa","w1atd","w2pca","w2rwa","w2atd","w3pca","w3rwa","w3atd","w4pca","w4rwa","w4atd","w5pca","w5rwa","w5atd"
7,2.5,2.5,4,2.5,1.25,5,2,1.75,5,1.75,1.75,5,2,2,5
8,4.25,1,5,3,1,5,3.5,3,4,3,1,5,2.75,1,5
9,3.25,2.25,4,2.5,1.75,3,4.75,1.25,3,2.5,1.25,5,2.75,1.25,4
10,3.5,1,4,4,1,5,5,1,5,3.5,1.25,4,3.5,1,4
11,3,2.25,4,2.5,2.25,4,4,1,4,3,1,5,4,1.25,4
12,1.5,1.25,5,1.5,1.5,5,3.25,1,5,1.75,1,5,1.5,1,5
13,3,1.5,2,NA,NA,NA,NA,NA,NA,NA,NA,NA,NA,NA,NA
14,2,1.5,5,1,1.5,5,1.75,1,5,1.5,1,5,2,1,5
15,1,3.75,4,1,3.75,5,1,3.25,5,1.25,3.25,5,1,2,3
16,1.25,3.5,5,2,3.25,5,1.25,4.25,5,NA,4,5,1.75,2.5,5
17,2.75,1,4,2.25,1,5,3,1,5,1.75,1,5,1.75,1,5
18,1,2.5,5,1,1.5,5,1,1.25,5,1,1.75,5,1,2,5
19,2.75,2.75,4,NA,NA,NA,NA,NA,NA,3,NA,NA,NA,NA,NA
20,2,NA,NA,NA,NA,NA,NA,NA,NA,NA,NA,NA,NA,NA,NA
21,1.75,5,2,1,5,2,1,5,2,3,5,3,1,5,1
22,1,2.5,4,1.25,2,4,3,1.5,5,1.25,1,4,1,1.25,5
23,1,1.5,3,1,3,3,1,2.25,3,1,3,3,1,2.5,4
24,1,2.75,5,1.5,3.5,2,1.75,2.75,5,1,2,5,1.5,1.75,5
25,2,1,4,1.5,1,NA,NA,NA,NA,NA,NA,NA,NA,NA,NA
26,1.25,1.25,4,1.5,2,5,1.5,1,5,1,1,5,2.5,3,3
27,1.5,3,5,1.5,1.25,5,1.75,2.25,5,1.75,3,5,2,2.25,4
28,1.5,1.75,4,1,1,5,1.5,3,5,1.5,1,5,1.75,1,5
29,1.75,2,1,1.5,3,3,NA,NA,NA,NA,NA,NA,NA,NA,NA
30,2.25,1.5,5,3,1.5,5,3.5,1,5,3,1,5,3,1,5
31,3,2.75,4,2.25,1.75,4,2.25,2,4,1.75,2,4,1.75,3.25,4
32,2,1,4,2,2,4,2.25,1,4,2,2,4,3,1,4
33,1.75,NA,NA,NA,NA,NA,NA,NA,NA,NA,NA,NA,NA,NA,NA
34,4,1.5,3,2.5,1.75,3,3,1.25,4,3,1.25,3,1.75,1,3
35,3.75,3.5,4,2.75,3.75,4,4,3.5,5,3,3,5,2.25,3.5,4
36,2,1.5,4,1.25,1,4,1.5,1,4,1,1,4,1.5,1,4
37,4,1,2,4,1,3,4.5,1,3,3,1,2,3.5,1,3
38,2.5,1,4,2.25,1.25,4,3,1,4,2,1,5,3,3,3
39,3.75,1,3,2.75,1.25,5,2.75,1,3,3.5,1,3,2.75,1,2
40,2.25,1,3,2.75,1.5,4,4,1,3,3.75,1,2,2.5,1,2
41,2.25,2.75,4,1.75,3,3,NA,NA,NA,NA,NA,NA,NA,NA,NA
42,1,5,2,NA,NA,NA,NA,NA,NA,NA,NA,NA,NA,NA,NA
43,3,2.5,3,3.5,2,4,2.5,1,3,3,2.5,3,3.25,1,3
44,4,3.5,3,3.25,3,3,2.75,NA,NA,3,1,1,NA,NA,NA
45,1.25,NA,NA,NA,NA,NA,NA,NA,NA,NA,NA,NA,NA,NA,NA
46,4,1,3,3.25,1,4,4,1,4,3.75,1,3,3,1.25,4
48,2,3.75,4,2.25,3,5,2,3.25,5,2.75,3,5,1.5,3.75,5
49,1.5,3,4,1.25,3.5,4,1.25,3,3,1,3.5,4,1,4,4
50,2,2.25,5,1.25,3,4,2.5,2,4,1.25,1.75,4,1.75,2,4
51,2.25,1,5,2,1,5,2.5,1,5,1,1,5,2.5,1,5
52,2.75,3.25,3,2,3.75,4,3,3.25,4,3.25,2.75,3,2,2,5
53,3.25,3.75,3,2.75,2,4,4,1.5,4,3.5,2,4,3.75,1,3
54,2.75,3.25,NA,NA,NA,NA,NA,NA,NA,NA,NA,NA,NA,NA,NA
55,3.25,1.25,5,1.75,1,5,4,1.75,5,5,1,5,4.25,1,5
56,2.75,1.25,3,3.5,1,2,2,1,4,1.75,1,2,3.5,1,1
57,1.5,2,4,1.5,1,5,1.75,1,5,1,1.25,NA,NA,NA,NA
58,2.5,2,4,2,2.25,4,1.5,2,4,1.5,1.75,3,1,1,4
59,5,1,4,5,1,1,4.75,5,5,5,1,5,5,5,5
60,3.75,1.25,4,NA,NA,NA,3,1.5,5,NA,NA,NA,NA,NA,NA
61,1.5,1.25,4,2,1.25,3,1.75,1.5,3,1.5,1,4,NA,NA,NA
62,2.5,1.5,5,1.75,1.5,5,3,2,5,2.5,NA,NA,NA,NA,NA
63,2.25,3.25,5,1.5,3,5,1.75,2,5,1,2.5,5,1,1.5,5
64,3,2.5,4,NA,NA,NA,3,2.5,4,2.75,2.75,4,NA,NA,NA
65,2,2,4,2.25,3,4,1.75,1.75,4,1.5,3.25,4,1.5,2.25,4
66,2,2.25,4,2,2.25,5,2,1.25,5,2,1,5,1.75,1.75,5
67,1.75,2.5,4,1.75,2,4,2.25,1,4,3.25,1,4,2.75,1,4
68,3.25,1,5,2.5,1,4,3.25,1,3,2.75,1,4,3,1,4
69,2.25,2.75,5,1.5,2.5,4,1,2.5,4,1.25,2,4,1.5,2,4
70,4,1.75,5,3.5,1,5,4.5,1.5,5,2,1,5,3,1,4
71,1,NA,NA,NA,NA,NA,NA,NA,NA,NA,NA,NA,NA,NA,NA
72,1.5,1.75,4,1,NA,NA,1,NA,NA,NA,NA,NA,NA,NA,NA
73,4,1,4,3,1,4,3.25,1,4,2.75,1,4,1.75,1,4
74,1,3.25,5,NA,NA,NA,NA,NA,NA,NA,NA,NA,NA,NA,NA
75,3.75,1,5,2.75,1,4,3.75,1.25,3,3,1,4,2,1.5,4
77,3,3,4,3.25,3.5,4,3.25,3.25,4,3.5,2.5,4,3.25,1.25,4
78,2.5,NA,NA,NA,NA,NA,NA,NA,NA,NA,NA,NA,NA,NA,NA
79,1,1,5,2,1,2,1,1,5,2,1.75,3,1,1.75,2
80,3,1.5,5,2.25,1.5,5,4,1,4,3.75,1,3,NA,NA,NA
81,3.75,2,2,3.25,2.25,1,3,3,2,2.5,2.75,4,2,1.75,2
82,2,3.75,3,1,3,3,1.5,3.25,3,1.75,3.25,4,1.75,3.5,4
83,1.25,3.25,4,2.25,4,4,1.75,3.75,4,2.75,2,4,1.5,2.5,3
84,3.75,1.5,3,3.25,1.25,3,3.75,1,3,3.25,1,3,2.5,1,3
85,3.25,2,3,2.5,1.5,3,3.5,1.75,4,2.75,1,5,1,3,5
86,2.25,3,5,1.75,2.25,4,2.75,2.75,4,1.75,3.5,4,3,3,5
87,2.75,1.25,4,2.75,5,4,2.25,1,4,2.75,1,4,2.25,1,4
88,2.25,1,4,3,1,4,2,1,4,2.25,1,4,1,1,4
89,1.5,2.25,4,1.75,2.75,4,1.75,2.5,4,1.5,2.75,4,NA,NA,NA
90,3.25,2,NA,NA,NA,NA,NA,NA,NA,NA,NA,NA,NA,NA,NA
91,2,3,3,NA,NA,NA,NA,NA,NA,NA,NA,NA,NA,NA,NA
92,2,1.75,3,1.75,1,5,1.5,2,3,1.75,2.25,4,1.25,1.25,4
93,1.75,2.25,4,1.5,3,NA,1.75,2.5,5,1.75,2,5,NA,NA,NA
94,1.75,3.25,4,1,2.25,4,1.75,2,3,1.75,2,3,1,3,3
95,4.5,2,4,3.5,1,3,3,1.25,4,2.5,1,4,2.5,1.25,4
96,3,2.75,5,2.5,2.25,5,1.5,2.25,5,1.5,2.75,5,2.5,1,3
97,1,3.5,4,1,2.25,5,1,2.5,5,2,1.75,4,1,2.25,4
98,4.75,1,4,4.5,1,4,5,1.25,4,5,1,3,5,1.25,2
99,2.25,2.75,4,2.25,3.25,4,2.5,3.25,4,2,2.5,4,2.75,2,4
100,3,2.5,5,2.25,3,5,3.5,1.75,5,2.5,NA,NA,NA,NA,NA
101,1.25,3,3,1.25,2.25,2,5,2,4,2.75,1.25,4,3.25,NA,NA
102,2.5,2.5,3,2.25,1.25,4,2,1,3,1.25,3,3,1.5,1,4
103,2.75,1,5,2.25,1,5,3.5,1,4,1,1,4,2,3,4
104,2.5,2.5,4,2,1.75,4,3.25,1.5,5,3,1.5,5,3.75,1.75,5
105,2.25,1.75,3,1.5,2.5,3,3,2.5,3,1.5,1,3,1.25,1,4
106,1.75,3.5,4,2,3.75,4,2,3.5,4,2,3.75,4,1.75,3.5,5
107,3.25,1,4,2.25,1,5,2,1,5,2,1,5,NA,NA,NA
108,3.25,3.75,4,2,1,4,2.25,2.5,2,1.25,1.75,3,1.5,2,4
109,1,1.25,2,1.75,1.75,4,1,1,5,1,1.5,4,1,1,5
110,2.25,NA,NA,NA,NA,NA,NA,NA,NA,NA,NA,NA,NA,NA,NA
111,4.5,1.25,3,4.5,3.5,3,5,1,4,2.75,3,4,NA,NA,NA
112,2.25,3,4,1,2.5,4,1,2,5,1.25,1,5,2.5,1.5,5
113,1,4.5,5,1.25,2.5,4,2,2,5,1,NA,NA,NA,NA,NA
114,1.5,NA,NA,NA,NA,NA,NA,NA,NA,NA,NA,NA,NA,NA,NA
115,2.5,1.25,4,2,1.25,4,NA,NA,NA,NA,NA,NA,NA,NA,NA
116,3,1,3,2.5,1.5,3,4,1,3,2.75,1,3,3.25,1,3
117,3.5,NA,NA,NA,NA,NA,NA,NA,NA,NA,NA,NA,NA,NA,NA
118,2.25,1.25,4,2.25,1,5,1.5,1,5,1.25,1.25,4,NA,NA,NA
119,1.75,1.25,4,2.25,1.75,4,3.25,1.25,3,2.75,2.5,4,NA,NA,NA
120,2.5,1.25,4,NA,NA,NA,NA,NA,NA,NA,NA,NA,NA,NA,NA
121,4,2.75,5,3.5,2,5,3.75,2,4,3,2,5,4,2,4
122,1.75,NA,NA,NA,NA,NA,NA,NA,NA,NA,NA,NA,NA,NA,NA
123,2.25,NA,NA,NA,NA,NA,NA,NA,NA,NA,NA,NA,NA,NA,NA
124,3.75,1.25,5,NA,NA,NA,NA,NA,NA,NA,NA,NA,NA,NA,NA
125,4,3.25,5,3.5,2.5,5,2.75,2.5,5,2.5,2.25,3,2,1.75,5
126,4,1.5,2,4.25,1,3,3.75,1,2,3,1,2,4,1,2
127,3.25,3.75,4,3,3.25,4,3,3.5,4,3,3.5,4,3,5,4
128,1.5,3,5,1.25,3,5,1,2.75,5,1.75,2,5,1.5,2,5
129,1.25,NA,NA,NA,NA,NA,NA,NA,NA,NA,NA,NA,NA,NA,NA
130,4.25,1,3,NA,NA,NA,NA,NA,NA,NA,NA,NA,NA,NA,NA
131,1.75,2,5,NA,NA,NA,NA,NA,NA,NA,NA,NA,NA,NA,NA
132,1,1,5,1,2.25,5,1.5,1,5,1.5,1.25,5,1.5,1,4
133,1,NA,NA,NA,NA,NA,NA,NA,NA,NA,NA,NA,NA,NA,NA
134,2.5,1,1,1.5,1,1,1.75,1,1,1,1,1,1,3,3
135,1.25,3.25,2,NA,NA,NA,1,NA,NA,NA,NA,NA,NA,NA,NA
136,1.5,3.5,5,1.5,3.25,4,1.25,2.5,4,1.25,2.75,3,1.5,1.75,4
137,2.25,2,5,2,2,4,3,1.5,4,2.5,1,5,NA,NA,NA
138,3.25,1,5,3.5,2.25,4,2,2.25,4,2,2.5,4,1.75,2,4
139,3.5,2.5,4,3,2.5,5,2.75,2.5,4,2.25,1.5,4,2.75,3,5
140,1.25,2,4,1.5,1.25,4,1.75,1,5,NA,NA,NA,NA,NA,NA
141,2.75,NA,NA,NA,NA,NA,NA,NA,NA,NA,NA,NA,NA,NA,NA
142,1.75,3,5,2,2.75,3,1.25,2.25,4,1.25,2,4,NA,NA,NA
143,2.5,2.25,4,2,1.75,4,3.75,1.75,3,3.25,1.5,5,3.25,NA,4
144,3.25,1,1,1.5,2.75,3,2.5,1,2,2,1,1,2,1,3
145,2.5,1.25,5,2.5,1,5,2.25,1.5,4,2,1.25,4,2,1,4
146,5,1.5,3,4.25,1.5,3,4,1.25,4,3,1,3,4,1,3
147,2.5,2,4,NA,NA,NA,2.5,1,4,2.75,1,4,2.75,1,4
148,1.75,1.5,4,1,1.75,4,1,1.5,5,1,1,4,1.25,1,5
149,1.5,1.75,4,1,2.25,5,1.5,1.5,4,1,1,5,1,2.25,3
150,1.25,1.5,5,1,1,5,2.25,1,5,1.25,1,5,1,1.75,4
151,2.25,2.75,4,NA,NA,NA,NA,NA,NA,NA,NA,NA,NA,NA,NA
152,1.25,2.75,5,NA,NA,NA,NA,NA,NA,NA,NA,NA,NA,NA,NA
153,3.5,1.75,5,3.5,1.5,5,4,1.75,5,3.25,2,4,3,2.25,5
154,1,2,2,1,2,2,1.25,1,3,1,2,3,NA,NA,NA
155,3.25,1,4,3.75,1,3,4.25,2.25,3,3,1,1,NA,NA,NA
156,4.25,1,4,3,1,5,4,1,4,3.75,1,5,4.5,1,5
157,4.75,1.5,4,4,2.75,4,4.25,1,4,3.25,1,5,4.25,1,5
158,2,1,4,2.75,1.5,5,2.25,1,5,1.25,1,5,1.5,1,5
159,4.75,1,4,4,1,4,4.5,1,4,3.75,1,4,3.75,NA,NA
160,3.25,1.5,5,3,1.5,4,NA,NA,NA,NA,NA,NA,NA,NA,NA
161,3.25,1.25,4,3.75,1,4,3,3,3,3.25,1,3,2.75,3,3
162,2,1.75,4,1.75,3,3,NA,NA,NA,NA,NA,NA,NA,NA,NA
163,1.25,2.25,4,1.5,2.5,4,2,1.25,5,1.5,1.25,5,NA,NA,NA
164,3.25,2.25,3,3.25,1.5,4,3.25,1.5,4,3.5,1,4,3.25,1.25,4
165,3.75,1,4,3,1,5,3.25,1,5,3.25,1,4,3.75,1,5
166,3.5,2.75,5,4,2,5,3.25,3.5,5,3.25,2.5,4,3,3,4
167,3.5,1.5,5,2.5,1.5,4,2.75,1,4,2.25,2.5,4,NA,NA,NA
168,3.75,2.25,5,4.25,2.5,4,3.75,2.25,5,3.75,1.25,4,3.75,1.25,5
169,4.25,1.5,5,4.25,2.5,5,3.5,1,5,4.25,1,5,3.25,1.25,5
170,2.25,2.75,5,2.5,1.5,5,2.5,1.25,5,1.25,1,5,1.5,1.25,5
171,2.5,1,3,2,1,5,3.5,1,5,3,1,4,2.25,1,5
172,2,3.25,4,3.25,2.75,2,3.5,2,5,3,3,3,3,2.75,5
173,1.25,2.75,3,1,2.75,4,1.25,4,4,1,3,3,NA,NA,NA
174,4,3.25,5,3.25,3.25,5,4.25,1.25,5,3.75,1,4,3.25,1,5
175,2.75,1.25,4,3,1.5,3,2.75,3.25,4,2.5,2.5,3,2.5,2,4
176,2.25,1,4,2,1,4,2.25,1,4,2,5,4,1.75,1,3
177,3.25,2.5,2,NA,NA,NA,NA,NA,NA,3.25,1.5,5,3.5,1,4
178,3.25,4.5,4,3.25,1,5,3.75,1,3,3.25,1,3,3,2,3
179,1.75,1.25,4,1.75,1.5,3,3,1,3,1.75,1.75,3,1.25,2.75,5
180,2.75,3,3,1.25,NA,NA,2.75,2,3,2,3,3,2.25,2.25,3
181,3.25,1,3,3,1,4,3.25,1,4,2.5,NA,NA,NA,NA,NA
182,3.25,1,5,NA,NA,NA,NA,NA,NA,NA,NA,NA,NA,NA,NA
183,2,2.25,3,2,3.25,4,1.5,2.5,4,1.5,2,4,1.75,2.5,3
184,2.75,3,5,2,2,4,NA,NA,NA,2.75,2,4,2.5,1.75,4
185,5,1,5,3.75,1,3,4,1,4,2.25,1,4,3.25,1,3
186,2.5,2.75,4,2.5,2.5,3,3.5,1.5,4,3.25,1,4,2.75,1,4
187,2.25,1.75,4,2.5,NA,NA,3.25,1.25,4,NA,NA,NA,NA,NA,NA
188,1.5,1.5,5,1.25,1,5,1.75,1.75,5,1.75,1,5,2.25,1,5
189,3.5,1,5,3,1,4,3,1,5,2.5,NA,NA,NA,NA,NA
190,3.75,3.25,4,2.75,1,4,2.25,1,3,2.5,1.5,5,3,1,5
191,2.25,2.75,3,1.5,3.5,4,2.25,2.25,5,3.5,2.25,3,2,2.25,4
192,3.25,1,4,3,1,2,3,1,4,2.5,1,4,NA,NA,NA
193,3.25,2,4,2.25,2,3,2.75,2.25,4,NA,NA,NA,NA,NA,NA
194,2.5,2.25,5,NA,NA,NA,NA,NA,NA,NA,NA,NA,NA,NA,NA
195,1.75,1,4,1.5,1,4,2,1.25,4,1.5,2,4,2,1,4
196,1.75,2.5,3,NA,NA,NA,1.5,2,NA,NA,NA,NA,NA,NA,NA
197,4.25,1,5,4,1,3,4.25,1,5,2.5,1,3,3.5,1,4
198,3.25,1,4,4,1,4,3.5,1,5,3.5,1,5,2.75,1,5
199,4.5,2.5,5,3.5,2.25,5,4.25,1.75,5,3.25,1,5,3.75,1,5
200,3.25,3,4,2,1.75,4,2.75,2.75,4,2.5,3.25,5,4.25,1.75,5
201,5,1,5,3.75,1,5,3.5,1.25,5,3.5,1,5,3.75,1,5
202,3.25,2.25,4,3,1.75,4,3.25,1,5,3,1.25,4,3,1,5
203,2.25,1.25,4,2,1.75,4,2.75,1,4,1.75,1,4,1.75,1.5,4
204,2.25,4.75,3,1,3,3,2,1.5,4,1.5,2,4,NA,NA,NA
205,3,1,4,3.25,1,4,3.75,1,3,3,1,3,3.75,1,4
206,2.25,2.5,5,2.5,1,3,3.75,3,3,3.5,1,4,2.75,3,3
207,1.75,1.75,4,1.75,1.25,4,3.25,2.25,5,2,1,4,2,1,4
208,1.75,3.75,4,1,3.75,4,1,4,4,1,3.75,5,1.25,2.75,5
209,1,4,5,2,4,5,1.75,3.5,5,2.25,3.75,5,1.25,4,5
210,1.5,1.25,4,1.75,1.5,5,2,1.75,4,2.25,1,5,1.5,1,5
211,1.5,3.5,3,NA,NA,NA,NA,NA,NA,NA,NA,NA,NA,NA,NA
212,3.75,1.75,4,3,2,4,3.5,2,3,4,1.75,4,3.75,1.75,4
213,3.25,3.5,4,3,4,4,3,2.75,4,2.75,2.25,5,3,2.25,5
214,2.75,1.25,3,3.75,1,4,4,1,4,3.5,1,4,3,1,4
215,1.25,3,4,1.25,2.5,4,2.25,2,4,1.25,2.75,4,2.25,2,4
216,4.25,3.25,3,3.25,2.25,3,2.5,1,4,3.5,1,5,4,1,5
217,2,2.5,4,1.75,2.75,4,2.25,2,2,NA,NA,NA,NA,NA,NA
218,3.25,1.75,4,3,1.75,4,2.75,1.75,4,2.5,1.75,4,3,2.25,4
219,1.25,1,5,1.75,1.25,5,NA,NA,NA,NA,NA,NA,NA,NA,NA
220,3.25,2.25,5,NA,NA,NA,NA,NA,NA,NA,NA,NA,NA,NA,NA
221,1.25,1.5,4,1.25,1,5,1.25,1,5,1,1,5,1,1,5
222,1.5,3.5,4,2.25,NA,NA,NA,NA,NA,NA,NA,NA,NA,NA,NA
223,3.75,2.5,3,3.25,1,1,3.5,1.25,3,2.75,1.5,2,2.5,1.25,4
224,1.75,1.25,5,1.75,1,5,2.75,1,5,2,1,5,1.5,1,3
225,2.75,1,3,2,1,5,3.25,1,5,3.5,1,5,3.75,1,5
226,4.25,1,4,4.5,1,5,5,NA,NA,3.75,NA,NA,NA,NA,NA
227,3,NA,NA,NA,NA,NA,NA,NA,NA,NA,NA,NA,NA,NA,NA
228,2,3.75,5,1.75,2.75,5,2.75,2.5,5,2.5,2.5,5,2.75,2.75,5
229,2,4,4,1.75,3,5,1,5,4,2.75,3.25,5,1,2,5
230,1.75,1,4,2.75,1,3,NA,NA,NA,1.5,2.75,5,2.5,1.25,3
231,2.5,1,4,2.75,1,4,2.75,1,4,2.5,1,4,2.5,1,5
232,1,3.25,2,NA,NA,NA,NA,NA,NA,NA,NA,NA,NA,NA,NA
233,1.5,1,4,1,1,4,2.25,1,4,1.5,1,5,1.75,1.25,5
234,1,NA,NA,NA,NA,NA,NA,NA,NA,NA,NA,NA,NA,NA,NA
235,1,3,5,1.5,2.25,5,1.5,1,5,2,2,4,NA,NA,NA
236,1.5,1,5,1.5,1,5,1.75,1,5,1.75,1,5,2,1,5
237,1.75,2.75,4,NA,NA,NA,NA,NA,NA,NA,NA,NA,NA,NA,NA
238,3.75,2,3,NA,NA,NA,NA,NA,NA,NA,NA,NA,NA,NA,NA
239,2.25,3.75,5,1.75,3.75,5,2,4.5,5,2.25,3.25,5,1.75,2.5,5
240,1.75,3.75,3,1.5,4,2,NA,NA,NA,NA,NA,NA,NA,NA,NA
241,1,2,4,1,3,5,1,3,4,1,2,4,1,1.5,4
242,1.75,1.25,5,2.25,1,4,2.5,1,4,2,1.25,5,1.5,1,5
243,2.5,4,5,2,2.5,3,3,1.5,3,1.25,3,3,NA,NA,NA
244,3.5,2.25,5,2.75,2,4,2.75,2.25,5,3,2.5,5,3,1.25,5
245,1.25,4,4,2,4,4,1.25,3.75,4,1.25,4,4,1.25,4,4
246,2.5,1.75,4,2.75,2,4,3,1.5,5,3.25,NA,NA,NA,NA,NA
247,2.25,2.75,5,1.75,2.25,5,2.75,1.75,5,2,1,5,3,1,5
248,1,2.25,5,1,2.5,5,1,2,4,1,2.5,5,1.5,1.75,4
249,1,2,3,2.5,2.5,3,3.25,3,3,1.75,2.5,2,1,3,3
250,2.5,2,5,NA,NA,NA,2.75,1,4,NA,NA,NA,NA,NA,NA
251,2.5,4.75,3,NA,NA,NA,NA,NA,NA,NA,NA,NA,NA,NA,NA
252,2.75,1,3,3.75,1,4,3.75,1,4,2.5,1,3,2.5,1,4
253,1,1.5,4,1.75,1,4,2.5,1,5,1.5,1,5,1.75,1,5
254,4.25,1,3,4.25,1,4,3,1,4,3,1,5,3.25,1.25,4
255,3.25,1,4,3.5,1,4,3,1,5,2.75,1,4,1.75,1,4
256,4.75,1.75,4,NA,NA,NA,NA,NA,NA,4.5,1,3,NA,NA,NA
257,4.25,NA,NA,NA,NA,NA,NA,NA,NA,NA,NA,NA,NA,NA,NA
258,1.75,2.5,2,1,2,2,1.25,1.75,4,2.25,2,4,2.5,1.5,3
259,2.75,1,4,4,1,1,3.25,1,2,2.75,1,2,4,1.25,2
260,2.75,1.5,5,3.25,1.5,5,3.5,1.25,5,1.5,1,5,1.5,1.5,5
261,3.75,2,5,NA,NA,NA,NA,NA,NA,NA,NA,NA,NA,NA,NA
262,1.75,2,5,1.5,1.75,5,1,2,5,1.75,2,5,1,1,5
263,1,3.75,3,1,3.5,4,1,3,3,1,4,3,NA,NA,NA
264,1.5,3.25,4,2,3,3,1,2.5,5,1,2,5,1,2.25,5
265,1,3,4,1,4,5,1,3.25,5,1,2.25,5,1,2.5,5
266,1,1,1,NA,NA,NA,NA,NA,NA,NA,NA,NA,NA,NA,NA
267,1.5,1.5,2,1,1.5,4,1.75,1,5,1.75,2,4,2,2,5
268,1.25,2.25,5,2,2.25,5,NA,NA,NA,1.5,NA,NA,NA,NA,NA
269,1,2.25,4,1,2.25,4,1,2,4,1.5,2,4,1,1.25,4
270,1,3.25,4,1.25,4,4,1,3.5,4,1,3,3,1,3,3
271,2.75,1,3,3,1,2,3.5,1,2,3,1,5,NA,NA,NA
272,2,1,3,2.25,1,4,2.75,1,3,2.25,1,4,2.5,1,4
273,1.5,1.5,4,2.5,1.75,3,2.75,2,3,2.75,1.5,3,2.75,1,3
274,1,4.75,4,1.25,4.5,5,1,2,5,1,3.25,5,1,3.75,5
275,2.25,1.5,5,2.5,1.75,5,2.25,1,4,2.25,1.25,4,1.75,1,4
276,2.75,2.25,4,4,2.5,4,2.5,2.75,4,2.5,3,5,3.75,2,4
277,4.5,1.25,4,3.5,1,4,3.75,1,4,3,1,4,2.5,1,3
278,2.5,1.75,4,2.75,1,4,3.25,1,5,3,1.25,3,3.25,1,4
279,1.5,1.75,4,1,1.5,4,1.25,1,4,1.25,1,3,1.25,1,3
280,2.5,1.75,4,2.5,1.75,4,2.25,1,5,1.5,1,4,2.5,3,4
281,2.25,2,4,2,1.5,5,3.25,1.25,5,2,1,5,2.5,1.75,5
282,3.5,2,5,NA,NA,NA,3.5,1,3,2.5,1.25,5,2,1,4
283,2.25,3.25,4,1.5,2.25,4,3.25,2.75,5,3,2,5,2.75,2.5,4
284,2.25,2.75,3,2.5,2.5,3,2.75,2.25,4,2.75,2,4,2.25,2,3
285,1.25,3,5,1.5,3.25,4,1,2.75,4,1.25,2.25,4,1.75,2.75,4
286,2.5,3.5,4,NA,NA,NA,2.5,3,3,2.25,3,3,3.25,3,3
287,2,2.5,4,2.75,1,5,2.5,1.25,2,2.25,1,4,2,1.25,4
288,2.25,3.5,4,NA,NA,NA,2,NA,NA,1.5,3,5,NA,NA,NA
289,3,NA,NA,NA,NA,NA,NA,NA,NA,NA,NA,NA,NA,NA,NA
290,4.75,1,3,5,1,5,4.25,1,4,4.5,1,4,4.5,1,5
291,4.5,1.5,4,4.25,1.75,3,5,1,3,2.75,1.25,3,3.5,1,2
292,1.25,1.5,4,NA,NA,NA,NA,NA,NA,NA,NA,NA,NA,NA,NA
293,3.75,1.75,5,3.5,1,4,3,NA,NA,3.75,NA,NA,NA,NA,NA
294,4,1,5,3.75,1,5,4.25,1,5,3.5,1.25,5,2.5,1,5
295,3.75,1,4,3,1,4,3,1,5,2.75,1.5,4,3,1,4
296,4.75,1.25,5,2,2,1,1,1,3,2,3.75,3,1.25,1,3
297,4.25,2,5,NA,NA,NA,4.75,1.25,5,4.25,2.25,4,4.25,1.5,5
298,2.25,2.75,4,1.75,1.75,4,1.5,1.25,5,2,1.75,5,2,1.25,4
299,3,1.25,4,NA,NA,NA,NA,NA,NA,NA,NA,NA,NA,NA,NA
300,1.5,2.75,5,1.25,3,5,1,2.25,3,1,1,3,3,NA,NA
301,3.25,2,5,2,1,5,2.5,1,5,3,1,5,3.25,1,5
302,3.75,2,4,NA,NA,NA,NA,NA,NA,NA,NA,NA,NA,NA,NA
303,1.25,4.5,3,1.25,4.25,5,1,4,5,1.25,4,5,1,3.25,4
304,3.75,1.5,5,2.75,1,4,3.5,1,4,NA,NA,NA,NA,NA,NA
305,2.25,1,2,1.25,1.25,2,2,1.25,3,1.25,1.75,3,NA,NA,NA
306,1.5,2,5,1,2,5,1.25,1.5,5,1.25,1,5,1.25,1,5
307,1.75,2.25,4,2.25,2,4,2.75,1.25,4,2.75,1,4,2.5,1,5
308,3.5,NA,NA,NA,NA,NA,NA,NA,NA,NA,NA,NA,NA,NA,NA
309,1.75,1.25,3,2.5,1.75,3,3,1,3,NA,NA,NA,NA,NA,NA
310,3.25,1.25,3,NA,NA,NA,3,1,3,2.5,1,4,NA,NA,NA
311,3.25,1.25,4,3,3,4,3,1,2,NA,NA,NA,NA,NA,NA
312,1,2,5,1,2,5,1,1.75,5,1,2,5,1,1.5,5
313,2.5,1,5,NA,NA,NA,NA,NA,NA,NA,NA,NA,NA,NA,NA
314,4.75,1.75,5,4.5,3.25,4,4.5,1,5,5,1,1,4,1,1
315,4.5,1,4,3,1,4,NA,NA,NA,NA,NA,NA,NA,NA,NA
316,1.25,NA,NA,NA,NA,NA,NA,NA,NA,NA,NA,NA,NA,NA,NA
317,1.5,1.75,5,2,3,4,1,2.75,3,1.5,3.25,4,1.25,1.75,4
318,1.25,1,5,1.25,1,4,1.5,1.75,4,1.75,1,5,1.25,1,4
319,1.25,3.5,5,1.75,3.25,5,2,2,4,2.5,2,4,2,1.25,4
320,2,4.25,4,2,2.25,4,1.5,2.5,4,1.75,2.75,4,1.5,1.75,4
321,2,3.75,3,1,3.25,1,1,3.5,4,1,2,3,1,3.5,3
322,2.5,1.5,3,2,1,5,3.5,2.25,4,2.25,1,5,1,NA,NA
323,3,1,4,2,1,4,1.5,1,3,1,1,2,NA,NA,NA
324,2.25,3.75,4,2.75,3,4,NA,NA,NA,NA,NA,NA,NA,NA,NA
325,1.5,NA,NA,NA,NA,NA,NA,NA,NA,NA,NA,NA,NA,NA,NA
326,4.25,1.75,4,3.5,2,4,4,1.5,5,3.25,1,5,3.25,1,5
327,2.25,1.75,3,2,2.25,2,2.5,2,2,2.5,1.75,4,1.75,1,4
328,1.75,2,5,3,1,5,4.25,1.5,5,3.75,1,5,2.5,1.25,5
329,3.25,3,4,NA,NA,NA,NA,NA,NA,2.25,NA,NA,NA,NA,NA
330,3.5,1.25,4,2.75,1,3,3.5,NA,NA,NA,NA,NA,NA,NA,NA
331,1.5,2,4,1,1,5,1.25,1,5,1,2,4,NA,NA,NA
332,2,3.5,4,1.5,3.25,3,3.25,2.25,5,2.25,1,4,2.25,2,5
333,5,2.25,4,5,1.5,3,5,1,3,NA,NA,NA,NA,NA,NA
334,2.25,2.75,4,2.75,3.25,4,3.25,2.75,3,2,2.5,3,1.75,2,3
335,2.25,1.5,5,2.75,1.5,5,2.25,1.75,5,2.75,1,5,2.75,1,5
336,2,2.25,3,2,2.25,4,1.75,1,4,1.25,1.5,4,1.25,1.5,4
337,2.75,3.25,4,NA,NA,NA,3.75,1,5,3.25,2,4,4,NA,NA
338,2.25,3.75,NA,NA,NA,NA,NA,NA,NA,NA,NA,NA,NA,NA,NA
339,1.75,2,4,3,1,4,2.5,1.75,5,3.25,1.25,5,2,1.25,4
340,2.5,1.5,5,2.5,1,5,2.75,1,5,3.75,1.25,5,3.5,1.5,5
341,1,3,3,NA,NA,NA,2.5,3.25,3,2.5,2.25,3,NA,NA,NA
342,1.75,2.25,4,1.5,2.75,4,2.25,2.75,4,1.75,2,3,2.75,2.25,4
343,2,2.75,4,1.5,3,4,2.75,2.5,5,1,3,4,1,2.5,4
344,2.75,2.25,5,2.5,1.25,5,2,1,5,3,1,5,NA,NA,NA
345,4,2.5,4,4,2.5,4,3.75,2,4,5,2,4,4,1,4
346,1,3.5,4,1.5,3.5,4,2.5,2.75,3,2.5,1,5,2,2,5
347,2,1,5,2,1.25,5,1.5,1,4,1,1,1,NA,NA,NA
348,2.5,1,2,NA,NA,NA,NA,NA,NA,NA,NA,NA,NA,NA,NA
349,2.75,1.25,3,2.5,1.75,3,1,2,4,1,1.5,4,1.5,2,3
350,3.75,1,3,4,1,3,4.75,1,3,3.5,1,3,3.5,1,NA
351,3.5,2.5,4,3.25,2.75,3,2.5,2.5,5,3,2.5,5,3,2.5,4
352,4.25,1.75,4,3.25,2.25,4,3.75,1.25,4,3.25,1.5,4,3.25,1.5,4
353,4.5,1.25,5,4,1.75,5,NA,NA,NA,NA,NA,NA,NA,NA,NA
354,3,2.25,5,4,1.75,4,3.75,1.25,5,3.25,1.25,4,2.75,1.25,5
355,1.75,3,5,NA,NA,NA,NA,NA,NA,NA,NA,NA,NA,NA,NA
356,3,4.75,5,2.5,3.75,5,2,3.5,4,2,3.25,5,2.25,3.5,5
357,4.25,1,4,4,1,2,4.25,1,3,3.75,1,3,1.25,1,2
358,1.5,1.25,4,2,2,4,2.25,1.25,4,1.75,1.5,3,1.75,1.75,4
359,2,1.25,5,1.25,1.5,5,2.5,1,5,1.75,1,5,NA,NA,NA
360,4,1,3,3.25,1,3,2.75,1,3,2.25,1,3,3.25,1.25,4
361,3,2,3,3.5,2.75,4,3.25,1.75,5,3,1.75,1,3.25,1.75,4
362,3.5,1,2,3,1,3,3,1,3,2,1,2,1.5,1,2
363,2.75,2,4,2,2.25,5,3,2,1,2.25,1.5,3,NA,NA,NA
364,1.75,1.5,5,1,2,5,1.5,2.75,5,1.25,2.5,5,NA,NA,NA
365,1,1.75,4,1,1.75,4,1,2.25,4,1,2,4,1,1.5,4
366,1.5,NA,NA,NA,NA,NA,NA,NA,NA,NA,NA,NA,NA,NA,NA
367,1.25,3.75,3,1,3.5,3,1,3,3,1,3.5,3,1,3,2
368,1,2.25,NA,NA,NA,NA,NA,NA,NA,NA,NA,NA,NA,NA,NA
369,2.75,NA,NA,NA,NA,NA,NA,NA,NA,NA,NA,NA,NA,NA,NA
370,2.5,1.75,5,2.5,2.5,5,2.5,1,5,2,2,5,2.75,3,5
371,1.25,3.5,3,2.5,3.25,4,1.5,3,4,2.5,3.5,3,3,2.5,3
372,1.25,2.75,4,1,3.25,4,1.25,2.5,4,1,1.75,3,1.25,1,4
373,3.5,2.5,5,3,2.25,5,3.5,NA,NA,3.25,2,5,NA,NA,NA
374,3.25,3,5,2.75,3,4,NA,NA,NA,NA,NA,NA,NA,NA,NA
375,1,2,5,1.25,2.75,4,3,1.5,3,2.25,2.75,4,1.5,1,4
376,2,1,2,1.75,1.25,2,2.25,1,2,2,1,2,2.25,1.25,4
377,3,1,4,3,1,4,3.5,2.25,4,2.5,3.75,4,2.25,1.75,2
379,2.75,1.5,5,1.75,2,5,1.25,1.5,4,1.25,1.25,5,1.5,1.75,4
380,2.75,1.5,5,NA,NA,NA,NA,NA,NA,NA,NA,NA,NA,NA,NA
381,2.5,2.5,3,2,2.5,3,1,3,3,1,2.75,4,1,3,3
382,2.75,2.25,4,1.5,2.5,5,1.75,1,4,1,2.25,5,1,1.25,5
383,3.5,1,3,NA,NA,NA,NA,NA,NA,NA,NA,NA,NA,NA,NA
384,1.5,1.5,5,NA,NA,NA,2,1.5,2,1.75,1.5,3,1,1,3
385,2.25,2.25,4,2,3,4,2.25,2.75,4,2.25,2.75,4,2.25,2,4
386,3.5,NA,NA,NA,NA,NA,NA,NA,NA,NA,NA,NA,NA,NA,NA
387,4.25,1.5,5,3.25,1.25,3,4,1,4,4.25,2,4,2.75,1,4
388,2,NA,NA,NA,NA,NA,NA,NA,NA,NA,NA,NA,NA,NA,NA
389,1.5,4,5,1.25,3.5,5,1,3.75,5,1,3.25,5,1,4.75,5
390,5,NA,NA,NA,NA,NA,NA,NA,NA,NA,NA,NA,NA,NA,NA
391,2,1,5,1.5,NA,NA,NA,NA,NA,NA,NA,NA,NA,NA,NA
392,3,5,1,1,NA,NA,1,4.5,2,1.75,3.25,1,1,NA,NA
393,1,3,5,1,2,4,1,2.5,4,1,2.5,4,1,2.5,4
394,2,2.25,4,NA,NA,NA,NA,NA,NA,NA,NA,NA,NA,NA,NA
395,2.75,3.75,4,3,2,4,3,2,4,3,2,4,2.75,2,4
396,2.5,1.5,5,1.75,1.75,4,2,1.25,3,1.25,NA,NA,NA,NA,NA
397,3.5,1.5,4,3.25,1,3,3.5,1.25,3,2.5,1.5,3,3,1,3
398,3.75,1,4,3.75,1.75,4,4.25,1,5,3.5,1.25,5,2.5,4,2
399,3,1.75,4,1.75,1.25,4,3,1,3,1.5,1,4,NA,NA,NA
400,2.25,1.75,5,1.5,1.75,5,1.75,1,5,2.5,1,5,3.25,1,5
401,3,NA,NA,NA,NA,NA,NA,NA,NA,NA,NA,NA,NA,NA,NA
402,2.25,1,5,1.25,1,5,1.75,1,5,1.75,1,5,1.5,1,5
403,2,1.75,3,NA,NA,NA,NA,NA,NA,2.25,1,3,NA,NA,NA
404,2.75,1.25,3,3,2,3,3.5,1,3,3,1,3,4.25,1,4
405,2.75,2.75,3,2,3,3,2.25,2.25,4,1.25,1,4,1.25,2.75,3
406,4,1.5,4,2.75,1.5,1,1.75,1.5,3,3,2,4,1.75,2.25,4
407,2.25,3,3,1.25,1,3,2,3,2,1,3,4,2,3,NA
408,1.75,1,4,1,1,4,1.25,1,4,1.25,1,4,1.25,1,4
409,3.25,2,4,2.5,2,4,2.5,2.25,4,1.75,2.5,4,1,3.25,4
410,1.75,2.75,5,1.25,2.75,5,2,2.5,5,1.5,2.25,5,1.25,2,5
411,1.5,2.25,5,1.5,3,5,1.25,NA,NA,NA,NA,NA,NA,NA,NA
412,3.25,1.25,4,3.25,2,NA,3.25,1.25,5,2.5,1,5,3.25,1,5
413,2,1,4,NA,NA,NA,NA,NA,NA,NA,NA,NA,NA,NA,NA
414,1,3,3,1.75,3.5,5,2.5,3,4,1.25,2.25,5,1,2.5,5
415,2,2.25,3,1,2,4,1,3,4,1.5,3,4,1.25,2,3
416,1.25,NA,NA,NA,NA,NA,NA,NA,NA,NA,NA,NA,NA,NA,NA
417,1.75,2.5,5,1.25,3.5,4,1,2.25,4,1,2,4,NA,NA,NA
418,2.25,3.5,5,2.5,3.75,3,2.25,1,5,2.25,1.25,4,3,1,4
419,2,1.25,5,3,3,5,4.75,2,5,5,1.25,5,5,2,5
420,1,1.75,3,1,2,4,1,1,4,1.25,2.5,3,1,2,4
421,3.5,2,5,NA,NA,NA,3,1,4,NA,NA,NA,NA,NA,NA
422,2,2.5,5,NA,NA,NA,NA,NA,NA,NA,NA,NA,NA,NA,NA
423,3.75,1.25,4,3.75,2.25,5,4.25,1.5,4,3.5,1,4,3.5,1.25,5
424,1.75,1,2,1.25,4,4,NA,NA,NA,1,1.5,4,NA,NA,NA
425,1,2.75,5,1,2.25,4,1.25,2,5,1,1.5,2,1,1.25,3
426,2.5,3.25,4,NA,NA,NA,NA,NA,NA,NA,NA,NA,NA,NA,NA
427,5,1.75,5,5,1.25,4,4.5,1.75,4,NA,NA,NA,NA,NA,NA
428,1.75,1,1,1,3,3,1,3.25,3,1,3,3,1,3,3
429,1.75,2.75,5,1.5,3.5,3,1.25,3,3,1.25,2,3,1,1,5
430,3.75,NA,NA,NA,NA,NA,NA,NA,NA,NA,NA,NA,NA,NA,NA
431,2.75,2,3,3,3.25,4,1.75,2.5,3,2.25,1.75,5,1.5,2.5,3
432,2,2.75,4,NA,NA,NA,NA,NA,NA,NA,NA,NA,NA,NA,NA
433,3,3.25,3,1.75,3,2,1.75,4,2,1.25,4,2,1.25,2.5,2
434,3.25,1,5,1,1,5,1,1,5,2.25,1,5,NA,NA,NA
435,2.5,3.75,4,4.25,3.5,4,3.25,3.5,4,3.5,4,4,2.75,1.25,4
436,1,3.25,4,1,2.5,4,1,3.25,3,1,2.5,4,1,3,4
437,4.5,1,3,3.25,1,5,3.5,1,3,2.75,1,4,3.75,1,5
438,3.25,NA,NA,NA,NA,NA,NA,NA,NA,NA,NA,NA,NA,NA,NA
439,2.25,NA,NA,NA,NA,NA,NA,NA,NA,NA,NA,NA,NA,NA,NA
440,3.75,1.75,5,3.5,2.25,4,3.25,1.25,4,2.75,1.25,5,3.5,1,4
441,2.75,1,4,2.5,1,4,2.5,1,4,1.25,1,5,1.25,1,4
442,2,3.5,4,1.5,2.75,4,NA,NA,NA,NA,NA,NA,NA,NA,NA
443,2.5,NA,NA,NA,NA,NA,NA,NA,NA,NA,NA,NA,NA,NA,NA
444,1.75,2.75,2,1.25,2,3,1.25,2,2,1,2.25,3,1,2.5,3
445,3,1,3,NA,NA,NA,NA,NA,NA,NA,NA,NA,NA,NA,NA
446,1.75,4.5,5,1,4,5,1.25,3.25,4,1,4,4,NA,NA,NA
447,3.75,1,1,2.25,NA,NA,1.75,NA,NA,1,3.25,4,NA,NA,NA
448,1,4,5,1,3,4,1.5,4,5,1.25,3.5,4,1.25,3.5,5
449,1,1,4,1.25,1.25,4,1.5,1,5,1.25,1,4,1,1,4
450,2,4.5,3,2,3,4,1.5,3.5,3,NA,NA,NA,NA,NA,NA
451,2.75,1,4,2.5,1,4,1.25,1,5,1,1,5,1,1,4
452,1,2,5,2.25,2.75,5,1.25,2,5,1.75,1.5,5,1.25,2,5
453,3.25,1,5,2.75,1.5,4,3.5,1.5,4,2.75,1,5,4,1,5
454,3.5,1.5,4,4,1,5,3.5,1,4,1,1,4,4,1,5
455,2.25,1.75,4,NA,NA,NA,NA,NA,NA,NA,NA,NA,NA,NA,NA
456,2.75,1.75,4,5,1.75,4,3,1.5,5,2.25,2.5,4,1.5,1.25,4
457,1.25,4.25,4,1,5,4,1,3.75,4,NA,NA,NA,NA,NA,NA
458,1.5,2.25,3,1,2.25,1,NA,NA,NA,NA,NA,NA,NA,NA,NA
459,2.25,1,3,2.5,1,4,2.25,1.75,3,1,1,4,1.5,1,5
460,2.75,1.25,5,1.5,2,4,2.25,2.75,5,1.5,2.5,4,1,1.75,4
461,1,3,5,1.25,3,5,1.25,2.25,5,1,2.75,5,1,2.25,5
462,2.5,1,4,1.75,1.25,2,2.25,1,3,1.25,2,3,1.5,2,4
463,1,2.5,4,1,1.5,5,1,2,4,1,1,5,1.75,1.5,4
464,1,3,4,1.25,2,5,1.5,2.5,5,1,2.25,5,1.5,2.5,4
465,1.25,2.25,4,2,1,3,1.25,1.75,4,1.25,1,5,2.25,1,4
466,2.5,2.75,4,2,1,4,NA,NA,NA,NA,NA,NA,NA,NA,NA
467,2.75,1.25,4,3.25,1.25,5,3.75,1,4,2.25,1,4,2.25,1,4
468,3.5,2.25,3,2.5,2,3,3.25,2,3,2.75,1,3,1.5,1.5,3
469,4,1,3,2.75,1,3,2.75,1,3,3.25,1,3,3.25,1,5
470,3.75,1,5,NA,NA,NA,5,1,5,NA,NA,NA,NA,NA,NA
471,1.5,2,3,NA,NA,NA,NA,NA,NA,NA,NA,NA,NA,NA,NA
472,1.5,2.5,2,1.5,1.25,4,2.5,2,4,2.75,2,5,2.75,1,5
473,4.5,2,4,4,3,3,4.25,2.5,3,3.75,3,3,3.25,2.75,3
474,1.5,2.25,4,NA,NA,NA,NA,NA,NA,NA,NA,NA,NA,NA,NA
475,2.5,1.75,4,2.75,1,3,2.75,1.5,4,2.75,1,5,2.5,1,5
476,1.75,3,4,1,3.5,3,1.5,3.25,4,1,2.75,3,NA,NA,NA
477,1.75,2.25,5,2,1.75,4,1.5,2.25,5,1.25,1.25,5,1.75,2.25,4
478,3,4.25,5,2,1.75,5,3,2.75,5,3.5,1.5,5,3,1,5
479,2.75,1,3,2.75,2,4,NA,NA,NA,NA,NA,NA,NA,NA,NA
480,3.75,1,3,3.25,1,4,3.5,1,4,2.5,1,5,NA,NA,NA
481,1.25,3.75,3,2,3,4,4.75,1.5,4,3.5,2,3,2.5,1.5,3
482,3.5,3.75,4,2.75,3,4,3.5,3.25,4,NA,NA,NA,NA,NA,NA
483,1.75,4.75,5,1.5,5,5,1.75,4,5,1.5,2.75,5,1.5,1.75,5
484,1.5,NA,NA,NA,NA,NA,NA,NA,NA,NA,NA,NA,NA,NA,NA
485,1,NA,NA,NA,NA,NA,NA,NA,NA,NA,NA,NA,NA,NA,NA
486,3.75,1.25,3,2.75,1.5,4,3.25,1.25,4,NA,1.5,4,2.75,1.5,4
487,2.75,1,3,3,1,4,4.5,1,4,3.75,1,4,3.75,1,2
488,3.5,4,5,1.5,5,4,2.5,5,4,2,3.5,5,1.5,3.5,4
489,3,2.75,4,3.5,2.5,4,3.5,2,4,3,2,4,NA,NA,NA
490,2.25,3.75,4,NA,NA,NA,NA,NA,NA,NA,NA,NA,NA,NA,NA
491,1.5,4.75,3,1.5,3.25,3,2.25,3.25,3,1,2.25,3,1.75,2,3
492,2.25,3.25,4,2.5,3.5,4,2.25,2.25,4,2,2.75,5,2.5,2.5,4
493,3.75,1.5,4,3.75,1.5,2,4.5,1.5,5,3.75,1,4,3.25,1,5
494,3.25,2,5,NA,NA,NA,1,2,5,1,1.75,4,1,3,4
495,1.25,1,5,1,1,4,1.25,1,4,2,1,5,1.75,1,4
496,2.75,NA,NA,NA,NA,NA,NA,NA,NA,NA,NA,NA,NA,NA,NA
497,2.25,3,5,1.75,3.25,5,3,1.5,5,2.75,1.25,5,1.75,1.5,5
498,3.25,1,NA,NA,NA,NA,NA,NA,NA,NA,NA,NA,NA,NA,NA
499,3,2.25,4,3,1.5,3,4.5,1,3,4,1,4,3.75,1.25,4
500,4.5,2.5,5,3.25,1,3,2.75,1,5,1.75,1.5,3,2.5,1.25,4
501,3.25,1.5,3,3.75,2,3,2.5,2,2,1,1,4,NA,NA,NA
502,2,3.75,4,1.25,2,4,1.25,3.25,4,1.75,NA,NA,NA,NA,NA
503,3.75,1,4,3.75,1,4,4.75,1,4,5,1,4,5,1.25,4
504,2,2,5,3.25,2,5,4.5,2.5,4,3.25,2.75,4,2.5,3,4
505,2,2.25,5,NA,NA,NA,NA,NA,NA,NA,NA,NA,NA,NA,NA
506,2.75,1.5,4,2.5,2.25,4,1.75,3,4,1.5,1,3,1,2.25,3
507,2.75,1,2,2,1,2,3,1,2,4.25,1,2,3,1,2
508,1.25,4,3,1,5,4,1,3.75,2,1,4,3,1,4,2
509,1.75,3.25,4,1.5,2.25,4,1,2.25,4,1,2.25,4,1.25,2.25,4
510,1.25,3,5,1.5,2.5,5,1.25,3,5,1,2,5,1,3,3
511,1.25,1.75,5,1.5,1.5,5,1.25,1,5,NA,NA,NA,NA,NA,NA
512,1.5,2.25,4,1.25,2,4,1.75,1.75,4,1,1.5,5,1,1.75,4
513,2,3.75,5,1.25,3,5,1,3.5,4,1.25,3.75,4,1,3.5,5
514,1,2.5,3,1.25,2,4,2,1,4,2.25,1.25,5,2.75,1,5
515,2.5,1,5,2,1,5,2.25,1,4,1.5,1,5,2,1,5
516,1.25,3.75,4,1.25,3.25,4,1.75,3,3,1,1.25,5,1,2,4
517,3,1.5,5,3,2.25,5,3.25,1.5,5,3,1.5,5,3.75,2.25,3
518,1,4.25,5,1,4.75,5,1.25,4.25,5,1.5,2.75,5,1.25,3,5
519,2,2.5,5,3.25,NA,NA,NA,NA,NA,NA,NA,NA,NA,NA,NA
520,1.5,3.75,4,2,3.25,3,1.75,3.5,3,2.5,3.5,4,1.75,3.5,4
521,2,1.75,4,1.75,2.75,5,2,1.5,5,1.5,1.5,4,1.75,1.5,5
522,1.25,1,5,1.25,1,5,1,1,5,1,1,5,1,1,5
523,1.5,1,2,NA,NA,NA,1.25,NA,NA,NA,NA,NA,NA,NA,NA
524,1.25,2.5,5,1.25,1,5,NA,NA,NA,NA,NA,NA,NA,NA,NA
525,4,1.75,4,4.5,1.5,5,3.75,1,2,3.75,1,5,4.5,1,3
526,2.75,2.5,4,2.25,1.75,4,NA,NA,NA,3,1,3,NA,NA,NA
527,1.75,3.5,5,1.75,2.5,5,2.25,2,5,1,3,5,1.25,1.25,4
528,1,2.5,3,1,3,3,1.5,1.75,4,1.25,2.75,5,1.25,1.5,4
529,1.5,1,5,1.75,1,5,3,3,3,3,3,3,NA,NA,NA
531,1.75,3.75,4,NA,NA,NA,1.75,3,3,1.25,3,3,NA,NA,NA
532,2.75,4,4,NA,NA,NA,NA,NA,NA,NA,NA,NA,NA,NA,NA
533,3,1.5,4,2,1,1,NA,NA,NA,NA,NA,NA,NA,NA,NA
534,3.75,3.25,5,3,1.5,1,1,1,4,1,1,3,1.25,3.25,3
535,3.5,1.5,2,2,2.5,3,3.75,1,4,2.5,3.25,4,NA,NA,NA
536,2.25,3,4,1,3,3,1.75,2,4,1,3,5,1.5,2.5,5
537,3.75,1.5,4,4.25,1,5,3.75,1,5,3.5,1,4,3.25,1.5,5
538,1.75,3,4,1.5,1.5,4,1,1.75,4,1,2.25,4,1,2.5,4
539,1.25,2.75,5,1,3.25,5,1,2.25,5,3.5,1,4,1,NA,NA
540,2.25,2.5,4,2.75,2.75,5,3.25,1.75,4,2.5,1,5,2.5,1.25,5
541,2,2.75,4,2.75,3,4,2.5,3.75,5,1.75,3,3,1.25,4,5
542,1.5,2.75,5,1.5,2.5,5,1.75,2.25,3,2.25,2,4,1.75,1.5,4
543,2.5,2.75,4,2.75,1.75,5,2,1.75,5,2,1.5,5,2.75,1,5
544,2,1,5,1.75,1.25,5,1.75,2.75,3,4,3.75,5,2,1,5
545,3,1.25,5,2,1.75,5,3,1.25,5,1.5,1,4,2.75,1,5
546,2,4.5,5,2,3.5,5,2.5,3,4,1.25,3,4,NA,NA,NA
547,3,1.5,2,3,1,3,2.25,1,5,2.75,1,4,1,1,4
548,1.5,3.5,3,1.75,3.25,3,2.25,3,3,2,3,4,2.5,2,4
549,2.75,2.75,5,2,1.5,4,3.5,2.75,4,2.5,2,4,1.75,2.25,5
550,1.75,3,4,NA,NA,NA,NA,NA,NA,NA,NA,NA,NA,NA,NA
551,2,2.75,1,1,2.75,4,2,2.5,5,1,2.5,2,1.25,3,3
552,2.5,3,4,3,2.75,4,4.5,2,5,4,1.75,5,NA,NA,NA
553,3.75,1,4,3,2.25,3,2.75,1,4,2,1,3,2.25,1,4
554,3,3.5,4,NA,NA,NA,NA,NA,NA,NA,NA,NA,NA,NA,NA
555,1,2.75,5,NA,NA,NA,NA,NA,NA,NA,NA,NA,NA,NA,NA
556,1.5,2.25,4,1.25,2.75,5,1.75,2.25,5,1.5,2,4,1.75,1.5,5
557,1.75,1.5,4,2,1.75,5,1.25,1,5,1.5,1,5,1.5,1,5
558,1.75,NA,NA,NA,NA,NA,NA,NA,NA,NA,NA,NA,NA,NA,NA
559,2.75,2.25,4,3,1,3,2.25,4,4,3,4,4,2,3.5,3
560,2.5,2,5,3,2,5,3.5,1,4,4,1,4,3.25,1,4
561,3.5,2,5,3.5,2.5,4,3.75,1,5,2.75,1.5,5,3,1,5
562,1.75,1,5,1.75,2.5,5,1.5,2.25,5,1.75,2.5,5,1,2.25,4
563,1.25,2.25,5,1.75,2.75,3,NA,NA,NA,NA,NA,NA,NA,NA,NA
564,3.75,2,4,3,1.75,4,3.75,1.25,4,3.75,1,4,2,1,4
565,3.25,3.75,3,3,4,3,3,3,3,2.5,3,3,NA,NA,NA
566,3.25,2.75,4,NA,NA,NA,NA,NA,NA,NA,NA,NA,NA,NA,NA
567,3.25,1.25,3,NA,NA,NA,4.25,1,NA,NA,NA,NA,NA,NA,NA
568,3.75,1,4,3,1,2,3,1,4,2.25,1,4,1,1,4
569,1.75,3.25,5,2.25,1,5,1,2.5,4,1.75,1,4,1.25,1,5
570,2.5,1.5,4,2.75,1.75,4,3,1,5,2.25,1.25,3,2,1,3
571,2,1,5,2,1,5,2.5,1,5,2.5,1,5,3.25,1,5
572,4.75,3,5,NA,NA,NA,NA,NA,NA,4.5,3.25,5,4.5,4,5
573,1.25,2.75,4,1.25,2.75,4,1,2.25,4,1.25,2.5,4,1.25,2.75,4
574,2.5,2.75,3,NA,NA,NA,NA,NA,NA,NA,NA,NA,NA,NA,NA
575,1.5,4.25,5,NA,NA,NA,1,1.75,5,NA,NA,NA,NA,NA,NA
576,3.5,1,5,2.75,2,4,2.5,1.5,3,3.25,1,5,3.5,1,4
577,2.25,2,4,2.25,3,4,NA,NA,NA,NA,NA,NA,NA,NA,NA
578,2.75,2.5,5,2.5,2.5,4,2.25,2,4,3,2.5,5,2.25,2,4
579,3.5,1,5,3,1,5,3.5,1,5,4.25,1,4,3.75,1,4
580,1.25,2.5,5,1.25,2.5,4,1,2,4,1,2.25,4,1,2.25,4
581,2.25,3,5,3.25,3.5,4,3.25,2.5,4,NA,NA,NA,NA,NA,NA
582,2,3.5,4,1.25,3.25,3,2.25,3,4,2,2.5,3,1.25,3,3
583,3.75,NA,NA,NA,NA,NA,NA,NA,NA,NA,NA,NA,NA,NA,NA
584,3.25,2,4,2.75,1.5,3,4.5,1.5,4,4,1,1,4.25,1,5
585,2.25,1.75,4,2,1,4,2.5,1,4,4,1,5,4,2,4
586,2.5,2.75,4,1,2.5,5,1.5,2,5,1.75,1.75,5,1.75,3,4
587,3.5,1.25,5,3,1.5,5,2.75,1,5,3.25,1,5,4.25,1,5
588,1.5,2.5,5,NA,NA,NA,NA,NA,NA,NA,NA,NA,NA,NA,NA
589,2.75,1,3,NA,NA,NA,2.75,1,4,2,1,3,2,1,3
590,1,1,2,NA,NA,NA,NA,NA,NA,NA,NA,NA,NA,NA,NA
591,2.75,2.25,2,3.5,2.75,4,3,3,3,2,2.25,3,2,1,4
592,1.75,2.75,5,2.5,2.75,5,2.5,2.5,5,1,NA,NA,NA,NA,NA
593,1.25,4,5,1,4.75,3,1,3.5,2,3.5,3.75,2,3,5,2
594,3.5,1.5,3,3.25,2.25,4,3,1,3,1.5,1,4,1.5,1,3
595,1.75,2.75,5,1.5,2.5,5,2,1.25,5,1.5,2.25,5,2,1.25,5
596,1,5,2,1,5,4,1.25,2.75,5,1.25,3.5,5,1.25,3.25,5
597,1.75,1.5,5,1.75,1,5,1.5,1,5,1.25,1,5,1.75,1,5
598,1.5,NA,NA,NA,NA,NA,NA,NA,NA,NA,NA,NA,NA,NA,NA
599,5,1,5,5,1,5,5,1,5,4.5,1,4,2,1,5
600,2,2.25,3,1.5,2,5,2.25,1,3,2.5,1,4,2.75,2,4
601,2,2.25,3,1.5,2,3,NA,NA,NA,NA,NA,NA,NA,NA,NA
602,2.75,3,5,3.25,1.5,5,3.5,3,5,2.25,2,5,3,3.5,5
603,1.5,2,5,2.5,1,5,NA,NA,NA,NA,NA,NA,NA,NA,NA
604,1.75,2,5,1,3,4,2,1.25,5,2.25,1,5,2.25,1,5
605,1.75,3.5,4,1.5,3,4,1.5,3,4,2,3,4,3,2.25,4
606,2.75,1,4,3,1,5,3.5,1,4,NA,NA,NA,NA,NA,NA
607,1.75,1,5,2.75,1,1,3.25,1.25,3,2.5,1,4,3,1,5
608,1.25,3,3,1.5,1,5,1,1,1,1,1.25,5,2.75,1,5
609,2,4,4,1.25,3.5,4,1.25,3,4,2,3,5,1.25,2.5,5
610,2.75,2,4,2.25,2,4,2.75,2,3,3.25,3,4,2.75,3,3
611,1.5,2.75,5,1.25,2,5,1.5,1.25,4,NA,NA,NA,NA,NA,NA
612,4.25,1,4,3,4,3,3.25,3,5,NA,NA,NA,NA,NA,NA
613,3.75,2,3,3,1,5,3.75,1,4,2.75,1,5,2.75,1,5
614,4,1,4,5,1,5,5,1,4,4,1,5,4.25,1,5
615,3.75,1.25,5,4,1,4,4.5,1,5,3.5,1.25,5,3.75,1,4
616,3.75,1.5,5,3,1,5,4.25,1,4,NA,NA,NA,NA,NA,NA
617,3,1.75,3,2,1,5,4.5,1,4,4,1,5,4,1.25,5
618,2.75,3.5,4,1.75,2,4,2,3,4,1,3.25,4,1.75,2.5,3
619,2,2.25,4,2.75,1.75,5,3.75,1,4,3.5,1,5,3.75,1,5
620,4,1.25,4,4,1.75,4,4,1,4,3.5,1.5,3,4,1,3
621,2.25,2,4,2.5,2,5,2.5,1,5,2,2,4,2.5,1.5,5
622,5,1,4,5,1,5,4.5,1.25,5,3.75,1,5,4.5,1.25,4
623,1.5,3.25,3,1,3,4,2,2,4,1.5,1.5,4,2,2,4
624,3,3.5,4,2.75,3,NA,NA,NA,NA,3.5,1.5,4,NA,NA,NA
625,1.75,2.5,3,1.75,1.25,5,1.25,2,4,2.75,NA,NA,NA,NA,NA
626,1.75,3,5,2,2.75,4,2.25,2,5,1.75,2.25,4,2,2.25,5
627,1.25,2.75,4,1.25,3,3,5,1,1,1,3,3,2.25,2.75,3
628,2,1,5,1.75,1,5,NA,NA,NA,NA,NA,NA,NA,NA,NA
629,2.5,3,5,2,2.5,4,3.5,3,3,2.5,2.75,4,NA,NA,NA
630,1.5,NA,NA,NA,NA,NA,NA,NA,NA,NA,NA,NA,NA,NA,NA
631,2.5,4.25,5,2.75,3.75,5,1,4,5,1,4.25,4,1,2.5,5
632,3.5,1,2,3,1.25,4,2.75,1,3,2.5,1,4,3,NA,NA
633,1.25,1,4,NA,NA,NA,NA,NA,NA,1.5,1,5,1.25,1,5
634,2,1.5,4,NA,NA,NA,NA,NA,NA,NA,NA,NA,NA,NA,NA
635,3.75,1.5,3,4,1,3,3.75,1,2,3.5,1,1,2.25,1,3
636,4,1.25,5,4.25,1,3,4.75,1,3,4.5,2.75,4,4.75,1,3
637,1.25,2.25,3,1.75,1,4,2.25,1.25,3,2,1.25,4,3.25,1.5,4
638,2.5,1.75,4,2.5,1.75,4,2.75,3.25,5,3.5,1,4,3.5,4.75,3
639,4.5,2.5,3,5,1.75,4,5,1.25,3,5,2,4,5,1,4
640,1.5,NA,NA,NA,NA,NA,NA,NA,NA,NA,NA,NA,NA,NA,NA
641,2,1,5,2,1,5,3,1,5,2.75,1,5,3.25,1,5
642,1,2.25,5,NA,NA,NA,NA,NA,NA,1.25,1.75,5,1,1.5,5
643,2.25,1.75,5,1.25,2.75,5,2,3.5,5,2.25,2.5,5,1.25,3.5,5
644,1.5,2,4,1.5,1,4,2.5,1,4,2.25,1,4,1.5,1,4
645,3.5,3.25,3,3,2.75,3,NA,NA,NA,NA,NA,NA,NA,NA,NA
646,1,2.5,3,1,2.25,3,1.75,3,3,1.25,3,3,1.75,3.5,3
647,4.25,NA,NA,NA,NA,NA,NA,NA,NA,NA,NA,NA,NA,NA,NA
648,1.5,1.25,3,NA,NA,NA,2,1,3,1.25,1.25,3,1.5,1,3
649,1.25,1.5,5,1,1.75,5,1.25,1.25,5,1.25,NA,NA,NA,NA,NA
650,2.25,1,5,2,1,5,2.75,1,5,2.25,1,5,2.5,1,5
651,2,2,3,1.75,1.75,4,1,1.5,4,1.5,2,5,2.25,1.5,4
652,1,2.75,3,NA,NA,NA,1,2.75,5,NA,NA,NA,NA,NA,NA
653,1,3,5,1.5,1.75,5,1,2,5,1.25,2,5,1.75,1.5,5
654,3,1.75,4,2.5,2,5,2.5,1,5,1.75,1,5,NA,NA,NA
655,2,1,5,2,1,5,2.5,1,5,2.5,1,5,3.25,1,5
656,3,NA,NA,NA,NA,NA,NA,NA,NA,NA,NA,NA,NA,NA,NA
657,2,3,3,1.5,3,3,3,3,3,2,3.25,3,NA,NA,NA
658,2,2,3,1.25,1,3,2.25,1,3,1.75,1,3,NA,NA,NA
659,1.5,2.75,4,1,2.25,5,1.75,2.25,5,1.5,1.25,5,1.5,1.75,5
660,1,4.5,4,1,NA,NA,NA,NA,NA,NA,NA,NA,NA,NA,NA
661,3,1.75,5,3,1,4,NA,NA,NA,3.5,1.5,4,2.75,1.25,5
662,1.25,2.5,3,2,2.75,3,2.5,2,4,1,3,3,2,3,3
663,1.5,2.5,5,2.25,2.75,5,1.25,1.75,3,NA,NA,NA,NA,NA,NA
664,1,2.25,2,1,1,4,1,1,4,1,2,4,1,1,3
665,2.75,3.5,5,NA,NA,NA,NA,NA,NA,NA,NA,NA,NA,NA,NA
666,2.75,2.25,4,NA,NA,NA,NA,NA,NA,NA,NA,NA,NA,NA,NA
667,3,1,4,2.25,1,3,3,1,4,2.75,1.5,4,2,1,4
668,3,1.25,4,3.5,1.5,4,NA,NA,NA,NA,NA,NA,NA,NA,NA
669,2.25,4.75,3,2,4.25,3,NA,NA,NA,NA,NA,NA,NA,NA,NA
670,2.25,3.5,4,1.5,2.75,5,1.75,3,3,1.25,2.5,4,1,2.25,5
671,2,2,5,1.75,2.25,5,1.75,2.5,5,1.75,2.5,5,1.75,1.25,5
672,3.75,1,5,3.25,1,4,4.25,1,3,4.25,1,5,3.25,1,3
673,4.25,2.5,5,4,3.75,5,3.75,2.25,5,3.75,2.75,2,4,1.75,4
674,1.75,NA,NA,NA,NA,NA,NA,NA,NA,NA,NA,NA,NA,NA,NA
675,1,3.25,1,1,3.75,1,1,3.25,1,1.5,2.5,1,1,3,2
676,2.75,1,3,2,1,4,2.5,1,4,2.5,1,3,2.5,1,1
677,1,3.25,4,2.25,2.25,4,2.75,2.25,4,2.25,3,5,NA,NA,NA
678,3,2.5,3,2,2.5,3,1.5,2.5,3,1,NA,NA,NA,NA,NA
679,4,3.75,5,2.75,2.5,4,NA,NA,NA,NA,NA,NA,NA,NA,NA
680,3,1.75,2,2,3.25,4,1.75,1,4,1,5,3,1,3,3
681,3.25,2,4,NA,NA,NA,NA,NA,NA,3,NA,NA,NA,NA,NA
682,2.25,NA,NA,NA,NA,NA,NA,NA,NA,NA,NA,NA,NA,NA,NA
683,3.5,2.75,5,3.5,1,4,4.5,2.75,4,4.25,1.25,5,3.5,1,5
684,4.25,2.25,5,5,NA,NA,NA,NA,NA,NA,NA,NA,NA,NA,NA
685,3.25,2.5,4,3.75,1.75,5,3.25,2,4,4.25,2.5,5,3.5,1.75,3
686,1,4,3,1.25,4,2,1.25,3.25,2,1.5,3.25,2,NA,NA,NA
687,2.25,1.5,3,1.5,2.25,4,4,1,4,4.5,1,4,4.25,1.5,5
688,2.5,2.25,4,2.5,1.25,4,3.5,1,5,3.25,1,5,4,1,4
689,1.25,NA,NA,NA,NA,NA,NA,NA,NA,NA,NA,NA,NA,NA,NA
690,3.25,3.25,5,2,2.5,5,2.5,2.75,5,2.75,2,5,1.5,2,5
691,1.75,3.5,5,1.25,1.75,5,2,1,5,2.25,2,5,3,1,5
692,1.75,NA,NA,NA,NA,NA,NA,NA,NA,NA,NA,NA,NA,NA,NA
694,1.5,1,2,1.5,1,2,1.25,1,3,1.25,1.25,3,1.5,1,3
695,1,3.5,5,1,3.5,5,1,3.75,5,NA,NA,NA,NA,NA,NA
696,2,1,2,1,1.5,5,1,1.25,5,1,1.5,5,2,1,5
697,2.75,4.75,5,2.75,4.25,5,2.25,3.5,5,2,3.75,4,1.5,4,4
698,1.5,2.75,5,2,1.25,5,2,1,5,1.75,2.25,5,2.25,1.5,5
699,2.75,1.5,3,2.5,2,3,3.5,1.5,4,3.5,1.5,3,3.5,1.5,4
700,1.5,NA,NA,NA,NA,NA,NA,NA,NA,NA,NA,NA,NA,NA,NA
701,1.75,2.5,3,1.25,2,3,1.25,1.25,3,1,2,3,1,2,4
702,2.5,2,3,2.75,NA,NA,2.25,NA,NA,NA,NA,NA,NA,NA,NA
703,2,1,4,1.25,1,3,1.5,1.25,4,1.5,1.75,4,1.75,1.25,4
704,3.75,2.25,4,2.75,1.75,4,2,1.25,4,1.25,2,3,1,2,4
705,1.25,4,5,1,2.75,5,1.5,2.5,5,2.75,2,5,1.25,2.5,4
706,2.75,1.75,4,3,2.25,4,2.75,1.25,4,3.75,1.75,5,4,1.25,4
707,2,3,3,NA,NA,NA,NA,NA,NA,NA,NA,NA,NA,NA,NA
708,2,2.25,4,2.5,3.5,3,2,3.75,3,1.5,3,3,2.25,3,4
709,1.25,1.5,4,1.25,1.5,3,1.5,1,4,1.25,1,5,1.25,1,5
710,3,1,5,3,1,5,3.5,1,5,2,3,3,3,1.25,3
711,3.75,1,4,3.5,1,4,NA,NA,NA,NA,NA,NA,NA,NA,NA
712,1.5,1,3,1.25,1.25,4,1.25,1,4,1,1,5,1,1,5
713,1.25,1,4,1.75,4.5,4,2,3.25,4,2,3.25,4,2.25,3.75,4
714,1.25,2.5,4,1.25,1.5,4,2.25,1,4,1.5,1.75,4,1.5,1.75,4
715,3.75,2,3,4.75,2,3,4.5,1,3,3.75,1,3,5,1,3
716,1.25,2.25,4,2,2.75,5,1.75,1.25,3,1.25,1.5,4,1.25,1,3
717,4,2.25,5,2.75,2.25,5,3.5,2.25,4,4.25,1.75,5,4.25,1.5,5
718,2.5,2,5,2,1.5,5,2.5,1,5,3.25,1.25,5,2.5,1,5
719,2.5,3.25,4,2.5,2.75,4,2.75,2,5,2.25,2,4,3.25,1.5,5
720,3.25,3.5,3,4.25,4,4,3.25,3.5,4,2.5,1.25,4,1.75,3,4
721,1.75,3,2,1.5,2.5,4,1.25,1.75,4,1,1.5,4,1.25,2,4
722,1.5,5,3,2,1,NA,1.25,3,4,1.5,3.5,4,1,4,5
724,1.25,1,5,2,1,3,1.5,1,1,1.5,2.25,5,1.5,1,5
725,2,1.5,4,2.5,2.25,4,2.5,1.5,4,2,3,4,NA,NA,NA
726,3.5,2,4,NA,NA,NA,2.5,3,4,3.25,3,3,2,1.75,4
727,1,3.5,4,1.5,4,3,2.5,3,4,2,2.75,5,2.5,3,4
728,3.5,2.25,3,4,1.75,4,4.25,1,5,3,1,3,4.5,1,4
729,2.75,2,3,2.5,2,4,2.5,1.5,3,1.5,1,3,3,1,3
730,3,3.75,4,3.25,3.5,5,4,NA,NA,2.75,2.75,5,NA,NA,NA
731,3.75,2.25,4,1.5,3,3,3.75,2.5,3,2.75,3.25,3,NA,NA,NA
732,2,1.5,5,2,1.75,4,1.75,1.75,5,2,1.5,4,1.5,1.25,5
733,1.5,3.5,4,1.75,3,5,1.5,2.75,5,2.25,2.75,5,1.75,2.25,5
734,2.25,1.75,4,2.75,2,4,1.5,3.25,4,1.75,2.25,4,NA,NA,NA
735,1.75,2.75,5,NA,NA,NA,NA,NA,NA,NA,NA,NA,NA,NA,NA
736,4.75,3,4,3.75,2,5,NA,NA,NA,NA,NA,NA,NA,NA,NA
737,4.25,1.5,5,3.75,1.75,4,5,2.25,5,3,1.25,4,4,1.5,5
738,1,2,4,1.25,1.5,4,1.25,2.25,4,1.5,2.5,4,1.25,2,4
739,4.5,3,3,2.75,3.75,3,5,3,3,3.75,1,1,5,2,3
740,2.5,2.25,4,3,2.25,5,2,1.5,3,2.5,1.5,3,2.5,1.75,3
741,2.25,2.5,4,3.5,2,5,3,3,4,2.25,2,4,1.5,1.5,5
742,1.5,2.25,1,NA,NA,NA,NA,NA,NA,NA,NA,NA,NA,NA,NA
743,2.25,2,5,NA,NA,NA,NA,NA,NA,NA,NA,NA,NA,NA,NA
744,3,NA,NA,NA,NA,NA,NA,NA,NA,NA,NA,NA,NA,NA,NA
745,1.75,1,5,1.25,3.75,5,1.25,2,5,1.25,1.5,5,1.25,2,5
746,3.5,1,5,2.25,1.25,4,1,1,5,1,1.5,5,NA,NA,NA
747,1.25,4.75,5,1.25,3,3,1.25,4,4,2.25,3,3,1.25,3,3
748,2.75,3.75,4,2.5,2,4,2.5,2.75,4,2.5,2,4,3.25,1.75,4
749,5,1,2,3.75,1,4,4,2,4,2.5,2,4,4.25,1,5
750,3.75,1.75,3,3.5,1,1,3,2,3,3.25,2,3,3,1,1
751,1,3.25,4,1,3.25,4,1,2.5,5,1,2.5,5,1.25,2.5,5
752,4.5,2,5,5,4.5,4,4.75,1,5,3.25,1,5,2.75,1,5
753,2,1.5,4,1,2.75,4,1.25,1.75,4,1.25,1,4,1,3,3
754,3,1.25,4,NA,NA,NA,NA,NA,NA,NA,NA,NA,NA,NA,NA
755,1.25,5,3,2.25,4.25,4,1.5,3.5,4,1.75,4.5,3,1.5,4,2
756,1.75,1.25,2,1,2.25,5,1.75,2.25,5,1,1.25,5,1.5,2.75,5
757,3.25,2,4,4.25,3.75,3,3.25,2.5,4,4,2,4,3.25,2.75,4
758,3.5,3.75,3,2.25,3,3,2.75,3,3,2.25,3,3,2,3,3
759,3.75,2,5,2.75,2.5,5,4,1,5,2,1.75,5,1,1,5
760,2.5,3.25,4,2.25,3.5,4,2.25,4.5,3,1.5,3.25,4,2.75,4,4
761,2.5,NA,NA,NA,NA,NA,NA,NA,NA,NA,NA,NA,NA,NA,NA
762,1,1.25,4,NA,NA,NA,NA,NA,NA,NA,NA,NA,NA,NA,NA
763,3,2,4,3.25,2.25,4,2.75,2.5,4,2.25,2,4,1.75,1.5,5
764,1,3.25,3,NA,NA,NA,NA,NA,NA,NA,NA,NA,NA,NA,NA
765,3.25,1,4,3.5,1,4,4.25,1,2,4.25,1,4,NA,NA,NA
766,2.75,3,3,2.5,2.75,4,3.25,2.5,4,2.75,1.5,4,2.5,2,4
767,3,4.25,5,4,4.25,5,3.5,2.75,5,4,2,5,3.5,1.75,5
768,1.5,2.5,4,1.5,2.5,4,1.5,2.5,4,1.25,2.5,4,1.25,2,4
769,1.5,1,5,1,1,4,1.5,1.25,4,1.25,1,4,1.25,1,4
770,2.75,2.25,5,1.5,1.5,5,2.75,1.25,5,1.75,1.5,5,2.5,1,5
771,1,5,3,1.75,5,3,3,4,5,NA,NA,NA,NA,NA,NA
772,3.5,3.75,5,3.5,2.75,4,3.75,1.25,5,5,1.5,5,3.75,3,3
773,1.5,1.25,5,2.5,1,5,2.5,1.25,5,2.25,1,5,1.25,1.25,5
774,4.5,1,5,3.75,1.25,4,3.75,1.25,4,5,1,4,4.5,1,4
775,2.5,1.25,3,2.5,1,4,2.75,1,3,3.5,1,3,2.25,1,3
776,3,2,3,3,4,2,3.25,3.5,3,4.5,2.75,4,4.25,2.75,2
778,3.5,1.75,4,2.75,1.25,5,3.5,1,5,2.25,1,5,3.75,1,5
779,1.75,2,4,1.5,1.5,4,2.75,1,5,2.25,1.25,4,1.75,1.25,4
780,4.25,2,5,4.5,2,3,4,1,5,1.5,1,5,2.5,1,5
781,2.75,1.75,4,2.75,1.25,1,2,1.5,5,2.25,1,5,2.75,1,5
782,3,3.25,3,3.75,3,4,2.75,3.75,3,3.5,2.5,3,3.5,3,4
783,1,2,3,1.25,2.25,3,1.75,1.25,3,1.5,1.25,4,NA,NA,NA
784,1.25,1.5,4,NA,NA,NA,NA,NA,NA,NA,NA,NA,NA,NA,NA
785,1.5,3,4,1.25,3,4,1.75,2.5,5,1.75,2.75,4,1.5,3,4
786,1.5,2.5,5,1,2.25,5,1,2.75,4,1,1.5,5,NA,NA,NA
787,2.5,1.25,4,2.5,1.25,4,2.25,1,4,2,1,4,2,1,4
788,1,3,4,1.25,3,3,1,2.5,2,1,2.75,3,1,3.25,3
789,2,1.25,4,2,2,1,2.75,1,5,2.5,1.75,5,3,2,4
790,1,3,4,1.5,3.5,5,NA,NA,NA,1.25,2.75,4,2.25,3,3
791,1.5,3,3,1,3.25,1,1.5,2.75,3,1.25,2.5,2,1.25,2,2
792,2.5,1.25,5,2.25,1,5,3,1,5,2.75,1,5,1,1,5
793,3.75,2,3,2.5,2.75,3,3,2,4,2.75,2.5,4,2.75,2,3
794,2,4.25,4,2.75,2.5,5,4.25,1,5,4,2.25,4,4,2.5,1
795,2.5,2.25,2,1.5,1.75,2,2,1,4,2.75,4,4,1.25,3,4
796,3.75,2.75,4,4.25,2.75,4,4.25,3,4,3.5,2.25,3,3.75,2.5,5
797,1.5,2.25,5,1.25,3,5,1,1.75,5,1,2.25,5,1,1.5,5
798,1.75,2,3,NA,NA,NA,NA,NA,NA,NA,NA,NA,NA,NA,NA
799,4,1.5,5,3.75,1.5,5,4.75,1.5,5,4.5,1.25,5,4.5,1,5
800,2.75,1,4,2,1,4,2.5,1.5,4,2,1,5,1.5,1,5
801,4.75,1,5,4.25,1,4,4.75,1,4,4.25,1,4,4.5,1,4
802,3.5,1,4,2.75,1,5,3.5,1,4,2.5,1,4,1.25,1,5
803,2,3.5,4,2.25,3.5,5,1.5,1,4,1.25,3,3,1,3,3
804,2.25,5,3,2,5,3,1.75,4.5,2,1.25,3,3,2,1.25,2
805,1.5,2.75,5,2,1.75,4,2,2.5,4,1.75,1,5,2.25,1.5,5
806,3.5,NA,NA,NA,NA,NA,NA,NA,NA,NA,NA,NA,NA,NA,NA
807,2.25,1.75,3,2.5,3,3,3,2,3,2.25,1.5,3,NA,NA,NA
808,2.5,1,4,1.75,1,5,2,1,5,1.5,1,5,1.25,1,5
809,1.5,3,5,1.25,2.5,5,1.25,4.75,4,1.75,1,5,1.75,2.25,5
810,2.25,NA,NA,NA,NA,NA,NA,NA,NA,NA,NA,NA,NA,NA,NA
811,4.5,1.25,3,3.5,1,3,4,1,5,2.5,1,4,2,1.5,4
812,1.75,NA,NA,NA,NA,NA,NA,NA,NA,NA,NA,NA,NA,NA,NA
813,1,1.75,4,NA,NA,NA,NA,NA,NA,NA,NA,NA,NA,NA,NA
814,4,1,3,2.5,1,4,3.5,1,5,2.75,1,4,2,1,4
815,2,3.5,4,1.25,2.5,4,2.25,2.25,4,1.25,3.25,4,2,2,4
816,3,NA,NA,NA,NA,NA,NA,NA,NA,NA,NA,NA,NA,NA,NA
817,1.5,3,2,2,2.75,3,1,2.75,2,1.25,3,3,1,3,2
818,1.5,3.75,5,1.75,NA,NA,2.25,4,4,NA,NA,NA,NA,NA,NA
819,1,4.75,5,1.25,5,4,1,5,4,1,5,4,1,5,4
820,4.5,1.5,5,4.75,1,5,5,1,4,NA,NA,NA,NA,NA,NA
821,1,3.5,3,1,3,3,3,3,3,3,3,3,3,3,3
822,3.75,2.25,3,3.75,2,2,4,1,4,3.75,1.5,4,NA,NA,NA
823,1.75,3.75,4,1.75,4,4,1.75,3.25,4,1.25,3,4,NA,NA,NA
824,4.5,1.25,4,4.5,1,5,4,1,5,4.5,3,3,NA,NA,NA
825,3.25,1,4,2.75,1,2,3.5,1,4,3,1,4,2.25,1,3
826,1.5,2.25,4,1.25,2,4,1,4.75,5,1,4.25,4,1.25,3.25,4
827,3.25,1,4,NA,NA,NA,NA,NA,NA,NA,NA,NA,NA,NA,NA
828,4,2.25,4,3.25,2.5,4,NA,NA,NA,NA,NA,NA,NA,NA,NA
829,1.75,2,5,NA,NA,NA,NA,NA,NA,NA,NA,NA,NA,NA,NA
830,3,1,5,2.75,1,5,3.25,1,5,3,1,5,1,1,5
831,3.25,2.5,4,3.5,2,4,3.25,1.75,3,3.25,1,3,3.25,1.5,2
832,2.25,NA,NA,NA,NA,NA,NA,NA,NA,NA,NA,NA,NA,NA,NA
833,3.25,2.5,2,3.5,1,4,2,1,4,1,3.5,3,1.25,1,3
834,2.5,3,4,1.5,2.25,4,1.75,2.25,4,2,2.25,5,2.25,3,4
835,1.75,1.75,5,1.25,1.5,4,1.75,1.75,5,1.75,1,4,1.75,1.75,2
836,1.5,2,5,NA,NA,NA,2.25,NA,NA,NA,NA,NA,NA,NA,NA
837,1,3,5,NA,NA,NA,NA,NA,NA,2,4.75,4,NA,NA,NA
838,1.5,NA,NA,NA,NA,NA,NA,NA,NA,NA,NA,NA,NA,NA,NA
839,1,2.75,4,1.5,2,4,1,2,5,1,2.75,4,1,1.5,5
840,1,NA,5,NA,NA,NA,1,NA,NA,NA,NA,NA,NA,NA,NA
841,1.5,2,3,2.5,1.25,5,2,1,5,NA,NA,NA,NA,NA,NA
842,3.5,3,4,2.5,2.75,4,2.25,2.25,5,2.5,1.25,4,3.25,1,5
843,2,1.25,5,2.25,1.5,5,3.25,1,4,2.25,1,4,3,1,5
844,2,2.5,2,1.5,2.75,4,1.25,1.5,4,1.25,2.25,4,1.5,2.5,4
845,1.5,NA,NA,NA,NA,NA,NA,NA,NA,NA,NA,NA,NA,NA,NA
846,4.75,3.5,5,4,4,4,1.25,4.75,5,NA,NA,NA,NA,NA,NA
847,1,2.5,5,1,2.75,5,1,2.25,5,1,2,5,1,2.5,5
848,1,3.5,3,NA,NA,NA,1,3.25,4,NA,NA,NA,NA,NA,NA
849,5,3,4,1,3.25,4,5,2.75,5,1,2.25,5,1,2,5
850,3.25,2,4,3.5,2,5,3.75,1,5,2,1.5,5,4,1,5
851,1.5,NA,NA,NA,NA,NA,NA,NA,NA,NA,NA,NA,NA,NA,NA
852,2,1,4,NA,NA,NA,NA,NA,NA,NA,NA,NA,NA,NA,NA
853,2,2.5,4,2,2.5,4,2.75,2.5,5,3.25,1.75,4,2.5,1.5,5
854,3,2.75,5,NA,NA,NA,NA,NA,NA,NA,NA,NA,NA,NA,NA
855,1,5,3,1,4.5,5,NA,NA,NA,NA,NA,NA,NA,NA,NA
856,2.25,3.25,4,2,3.5,5,2,3.25,5,2.25,2.5,5,2,2,5
857,3.75,2.5,5,4,1.25,5,3.25,2,5,4.5,1,5,4.5,1,5
858,2.25,1.25,5,2.75,2.75,5,2.75,2.25,5,NA,NA,NA,NA,NA,NA
860,3.75,1,4,3.75,1,5,4.5,1,3,3.5,1,5,2.5,1,5
861,2.5,1.25,4,2.25,1.25,4,2.5,2.25,4,3.25,1.25,4,2,NA,NA
862,2.75,2,4,NA,NA,NA,NA,NA,NA,NA,NA,NA,NA,NA,NA
863,1,1.75,5,NA,NA,NA,NA,NA,NA,NA,NA,NA,NA,NA,NA
864,3.75,1.5,4,3,1,4,4.25,1,5,5,1,4,5,1,5
865,1,3,4,NA,NA,NA,NA,NA,NA,NA,NA,NA,NA,NA,NA
866,2.25,5,5,1.25,1,4,2,1.5,4,1.5,1,4,1.25,1.25,4
867,1.25,1.5,5,1,5,3,1,5,4,1,3.75,5,1,2,5
868,1.5,2.25,4,NA,NA,NA,NA,NA,NA,NA,NA,NA,NA,NA,NA
869,1.5,2.25,3,NA,NA,NA,1.25,3,3,1.25,2,3,NA,NA,NA
870,2,1.75,5,1.5,3,4,1.75,2.75,5,1.5,1.5,5,1.25,2.25,5
871,2.75,3.75,4,2.75,4,5,1.75,5,4,1.5,3.5,5,2,2.5,5
872,1.25,3,4,NA,NA,NA,NA,NA,NA,NA,NA,NA,NA,NA,NA
873,3.75,NA,NA,NA,NA,NA,NA,NA,NA,NA,NA,NA,NA,NA,NA
874,1.75,2,5,2.25,2.75,5,1,2,5,NA,NA,NA,NA,NA,NA
875,2.5,1,5,1.5,NA,NA,NA,NA,NA,1,NA,NA,1.75,3,3
876,2.25,3,5,NA,NA,NA,1,3,5,1,3,4,1.25,2.75,5
877,1.25,NA,NA,NA,NA,NA,NA,NA,NA,NA,NA,NA,NA,NA,NA
878,1,NA,NA,NA,NA,NA,NA,NA,NA,NA,NA,NA,NA,NA,NA
879,1,NA,NA,NA,NA,NA,NA,NA,NA,NA,NA,NA,NA,NA,NA
880,4.25,1,4,NA,NA,NA,4.5,1,3,4.5,1,4,5,1,4
881,4.25,2.5,5,NA,NA,NA,NA,NA,NA,NA,NA,NA,NA,NA,NA
882,3.5,1,5,2.25,1,5,2.75,1,5,1.75,1,5,2,1,5
883,1,2.25,5,1,2,5,1.5,2.75,5,1,3,4,1,3,4
884,2,3.5,4,NA,NA,NA,NA,NA,NA,NA,NA,NA,NA,NA,NA
885,4,2,4,2.75,1.5,5,4.25,1.25,4,3.25,1,4,2.5,1,4
886,4.25,1,5,4.75,1.25,5,4.75,1,4,4.5,1,4,4.25,1,5
887,2.5,2.75,3,2,2.75,3,1,2.5,3,1.5,3.25,3,2,2.5,4
888,3.25,1.5,4,2.75,1,4,4,1,5,3.5,1.25,4,4.25,1,5
889,1,NA,NA,NA,NA,NA,NA,NA,NA,NA,NA,NA,NA,NA,NA
890,1,2.25,5,1,2.75,5,1.25,2.5,5,1,1.75,5,1.25,2.25,5
891,2.25,2.5,5,4.25,2.25,4,4.5,2,3,3.75,1,3,2.75,1.5,3
892,1.25,NA,NA,NA,NA,NA,NA,NA,NA,NA,NA,NA,NA,NA,NA
893,1.5,3.25,4,2.25,3,4,4.25,1.5,5,2.75,1.5,5,2.75,2.5,5
894,2,1,4,NA,NA,NA,2.5,1,4,1.5,1,4,1.75,1,5
895,3,2,5,1.5,2,4,3.75,NA,NA,4,NA,NA,NA,NA,NA
896,1,3,4,2.25,5,1,1,2.5,4,1,1,4,NA,NA,NA
897,1.5,1,4,2.75,1,5,2.25,1,5,2.25,1,5,2.75,1.25,5
898,1.25,4.25,4,1.25,5,4,1,4.25,4,1,3.75,3,1,5,5
899,1.75,1,3,NA,NA,NA,NA,NA,NA,NA,NA,NA,NA,NA,NA
900,1,4.25,2,1,5,2,1,1.5,3,3,3.25,1,1,4,2
901,1.5,2.25,4,NA,NA,NA,1,3.75,4,NA,NA,NA,NA,NA,NA
902,1.25,3.75,3,NA,NA,NA,NA,NA,NA,NA,NA,NA,NA,NA,NA
903,1.25,2.5,4,1.25,2.5,4,1.75,2.75,4,1.5,3.75,4,1.75,3,3
904,2.5,2.75,5,1.25,2.75,5,1.75,1,5,1.25,1,5,1.25,1.25,5
905,2.25,4.75,4,1.25,3.5,5,4,3,4,1,3,3,2,3.75,3
906,1,3.75,5,4,4,5,1.25,4,5,1.25,3.25,5,1.75,2.5,NA
907,1,2.5,5,1,3,4,1,2.5,4,1.25,2.5,4,1,3,4
908,3.25,2,1,1.25,1,3,1,1,4,1.25,1,4,1,1.25,4
909,1,3.75,2,1.25,3.75,4,NA,NA,NA,NA,NA,NA,NA,NA,NA
910,2.75,2,5,2.5,1.25,5,2.5,1,4,2.25,1,5,2.75,NA,NA
911,1.5,2.75,4,NA,NA,NA,NA,NA,NA,NA,NA,NA,NA,NA,NA
912,2.5,2.5,3,2.25,1.5,4,4.5,2,4,3.75,2,3,4,1,3
913,4,1,5,3,1,5,2.75,1,5,3,1,5,2,1,5
914,1.75,1.75,NA,NA,NA,NA,NA,NA,NA,NA,NA,NA,NA,NA,NA
915,2.25,1.5,5,2.25,1,5,2,1,5,1.75,1,5,2.25,1,5
916,1.75,4.25,3,NA,NA,NA,1.25,3.5,3,1.5,3.25,3,1.75,4,4
917,2.25,2.25,5,1.25,2.5,4,2.75,1,4,2,1.5,4,2.5,1.5,4
918,2.25,2.5,5,1,3,5,1.5,2,5,1.5,5,5,2,2.25,1
919,1,2.25,4,NA,NA,NA,NA,NA,NA,NA,NA,NA,NA,NA,NA
920,1.5,3.25,3,1.5,2.25,3,1.75,3,4,1.25,3,4,1.25,3,4
921,3.25,1,5,2.5,1,5,2.75,2,5,3.25,2,5,4.75,1,5
922,4.75,1.5,4,3.75,1.25,4,4.5,1.5,4,NA,NA,NA,NA,NA,NA
923,4,3,5,2.5,3.75,5,NA,NA,NA,NA,NA,NA,NA,NA,NA
924,1.5,4,4,1.5,3.5,4,2,3,4,1.75,1,3,2.25,1.25,4
925,2.25,NA,NA,NA,NA,NA,NA,NA,NA,NA,NA,NA,NA,NA,NA
926,4.75,1,3,4,1,5,4.25,1,5,1.5,1,5,3.25,1.25,5
927,2.25,2,5,2.5,2,4,1.75,1,4,1.75,NA,NA,NA,NA,NA
928,4,3.25,3,3,1.5,3,3.75,1,4,3,3,3,3,1.25,4
929,3,1.25,5,3,1,5,2.75,2.75,5,1.5,2.25,5,1.5,1.75,5
930,4,1.25,1,2.5,1.25,1,1.75,1,1,1,1,1,1,1,1
931,2.25,NA,NA,NA,NA,NA,NA,NA,NA,NA,NA,NA,NA,NA,NA
932,1.75,1.5,4,3,1.5,5,4.25,1.5,5,4.5,1,3,2.25,1,5
933,1.75,2.25,5,NA,NA,NA,NA,NA,NA,NA,NA,NA,NA,NA,NA
934,2.5,NA,NA,NA,NA,NA,NA,NA,NA,NA,NA,NA,NA,NA,NA
935,1.75,4.75,3,2.5,2.25,3,2.5,4.5,3,NA,NA,NA,NA,NA,NA
936,3,1,5,NA,NA,NA,NA,NA,NA,NA,NA,NA,NA,NA,NA
937,3.25,2.5,3,3.5,2,3,4.25,1.75,3,NA,NA,NA,NA,NA,NA
938,3.75,3.25,4,3.25,3.25,4,3.25,2,5,3.25,2.5,5,3.75,2.25,5
939,2,1.25,2,NA,NA,NA,NA,NA,NA,NA,NA,NA,NA,NA,NA
940,3,2,4,4,1,4,4.25,1,4,4,1,5,3.75,1,4
941,2.25,1.75,4,1.75,1.75,4,2.5,2,4,2.5,1.5,4,2.5,1.5,4
942,2.25,2,3,1.75,4,4,3,3,3,2,3.5,4,2,4.25,5
943,3,2,5,2,1,3,2.25,1,4,3,1,3,3.75,1,1
944,2,3.25,3,NA,NA,NA,NA,NA,NA,NA,NA,NA,NA,NA,NA
945,3,3.75,5,2,3.75,3,2.75,2.75,4,2,4.25,5,2.5,2.75,4
946,1.5,2.25,2,1.25,3,3,1.5,1.5,3,1,3.5,3,1.5,3,3
947,3.5,1.25,4,3.25,2.25,3,2.75,3.25,5,2.5,1.25,4,NA,NA,NA
948,2,2,5,2.25,2,5,3,1,4,4,1,5,3,1,4
949,1.5,1.75,4,NA,NA,NA,NA,NA,NA,NA,NA,NA,NA,NA,NA
950,2,2.5,5,1.5,1.75,5,3.25,3.25,5,NA,NA,NA,NA,NA,NA
951,1.25,2.5,5,1.5,3,4,1.25,2,5,1,2,5,1.75,1.5,5
953,1.75,NA,NA,NA,NA,NA,NA,NA,NA,NA,NA,NA,NA,NA,NA
954,1.5,3,5,1.75,2.75,3,1.75,1.75,5,1.5,1,3,2,1,5
955,5,1,2,4.5,1,3,4.25,1,3,4.25,2,3,3.75,1.5,3
956,1,4,5,1.25,3.75,5,1.5,3,5,1.25,2.25,5,1.5,1.25,5
957,1,1,4,1,1,4,1,1.25,4,1.5,1.25,4,1.25,1,5
958,4,3,5,4,2,5,3,1,2,4.5,1,4,3.75,1,5
959,2,2.5,4,1.75,2.25,4,2,2.25,5,2.5,2.25,5,2,2,5
960,2,3.25,4,2.25,3,4,2,3,4,2,2.5,4,3,2.25,5
961,2.5,1.5,5,3.5,1.75,5,2.5,1.5,5,2.25,2,4,2.5,2,5
962,3,1,5,3.25,1,4,2.75,1,5,1.75,1,4,1.5,1,4
963,1,4.5,5,NA,NA,NA,NA,NA,NA,NA,NA,NA,NA,NA,NA
964,2.75,3.25,5,2.25,2.5,4,3.25,3,5,NA,NA,NA,NA,NA,NA
965,2.25,3,4,3.25,2.25,5,3.25,2,4,2.5,1.5,5,2.75,NA,NA
966,1.75,2.5,5,3,1.75,5,2.25,1.75,3,2.5,1,4,3.5,1,4
967,3.75,1.75,4,3,2.25,4,3.5,1,4,1.5,1,5,1,1,5
968,1.75,2.5,3,1,2.5,4,1,2,4,1.5,2,4,2,2.25,4
969,1.75,1,5,1.75,1,5,1.5,1.25,5,1.5,1,5,1.75,1,4
970,2.75,2,4,2.5,1,4,4.5,1.25,3,3.5,1.25,3,3,1,1
971,2.75,2,4,2.75,2,3,3,3,3,2.75,1,4,2.75,2,4
972,2.25,3.25,4,1.25,2.5,4,3,3.25,4,1,2.5,4,2.5,3,3
973,1.75,1.25,5,1.5,1.5,4,2.75,1.25,4,2.75,1,4,2.25,1,4
974,2.25,1,5,2.75,1,4,4,1,4,2.75,1,4,2,1,5
975,2,1.5,5,1.75,3,5,2.75,1,5,2,1,5,1.75,1,5
976,5,1.5,4,5,2,4,4.75,1.5,3,5,1.5,5,4.5,2.5,4
977,2,2.5,4,2,3,3,3.25,2.75,4,2.25,2,4,2.25,3,5
978,2.5,2.75,4,2.5,2.25,3,3.25,2,4,3.25,1,4,3.25,1,4
979,2,3.5,3,2.75,3.25,3,2.5,2.75,3,2.75,3.25,4,2.5,3,3
980,1.25,2,4,1,1.75,3,1.75,1.25,4,3.75,3.25,3,1.25,3,3
981,1.5,2.75,4,2.75,3.25,3,2.5,3.25,5,NA,NA,NA,NA,NA,NA
982,1.75,2.5,4,1.5,3.5,4,1.25,2.5,5,2,2,5,2,1,5
983,2.5,2.5,NA,NA,NA,NA,NA,NA,NA,NA,NA,NA,NA,NA,NA
984,1.5,2,3,1,2,5,1.25,1.5,4,1,1,5,1.25,1.5,4
985,1,2.25,3,1.75,3,2,1,2.25,4,1,1.75,4,1,2.5,4
986,2,NA,NA,NA,NA,NA,NA,NA,NA,NA,NA,NA,NA,NA,NA
987,2.5,3.5,3,2.25,3,3,3.25,1.25,3,NA,NA,NA,NA,NA,NA
988,2,2.5,4,1.75,2.5,4,2.75,2,2,1.5,3,3,NA,NA,NA
989,5,1,5,5,NA,NA,NA,NA,NA,3,5,5,5,1.25,5
990,1.5,3.25,5,NA,NA,NA,NA,NA,NA,2,2.75,4,1.25,2.75,5
991,2.75,1.25,3,2.5,NA,NA,3.5,1,4,2.25,1.25,4,NA,NA,NA
992,1.5,3.5,3,NA,NA,NA,NA,NA,NA,NA,NA,NA,NA,NA,NA
993,4,2.5,3,3.5,2.75,3,4.75,2.5,5,3.75,2.75,3,3.75,2.5,4
994,1.25,NA,NA,NA,NA,NA,NA,NA,NA,NA,NA,NA,NA,NA,NA
995,2.25,2.25,4,1.75,1.75,4,2,1.75,4,1.25,3,4,1.5,3,3
996,3.75,NA,NA,NA,NA,NA,NA,NA,NA,NA,NA,NA,NA,NA,NA
997,2,1,5,1.5,1,5,2,1,5,2.75,1,3,3,1,5
998,2.75,3,3,2.75,NA,NA,3.25,2.75,2,3.25,NA,NA,NA,NA,NA
999,1.75,3.25,4,2,3,4,1.5,2.5,5,2.5,3,4,1.5,1.75,4
1000,4,1,4,3,1,3,NA,NA,NA,NA,NA,NA,NA,NA,NA
1001,1.25,2,5,1.75,2.25,4,2,2.25,5,1.75,2,5,1.5,2.25,5
1002,2.25,1,4,NA,NA,NA,NA,NA,NA,NA,NA,NA,NA,NA,NA
1003,1,NA,NA,NA,NA,NA,NA,NA,NA,NA,NA,NA,NA,NA,NA
1004,1,NA,NA,NA,NA,NA,NA,NA,NA,NA,NA,NA,NA,NA,NA
1005,2,2.75,5,1,2.5,5,2.25,3,5,1.25,3,5,1.25,3,5
1006,3.25,2,5,1,2.25,5,2.25,1.25,5,2.5,1,5,2.5,1,5
1007,3,1.25,4,NA,NA,NA,NA,NA,NA,4,1,2,NA,NA,NA
1008,1.75,2,3,1.25,2,3,3.75,1,3,2.75,1.5,3,3.25,1.5,3
1009,1.75,1,3,1.75,1,4,1.5,2.25,4,2.5,1.5,5,1.75,1.75,3
1010,3.5,3,4,3,2.75,4,3,1.5,4,2.75,1.25,4,NA,NA,NA
1011,3.75,1,4,3.25,1.25,5,1.5,1,4,1,1,4,1,1,4
1012,1.75,2,5,1.75,1,4,3.75,1,5,2.5,2,4,2.25,2.25,4
1013,4.5,1,3,3.5,1,4,4.75,1,5,4.5,1,4,NA,NA,NA
1014,3,NA,NA,NA,NA,NA,NA,NA,NA,NA,NA,NA,NA,NA,NA
1015,1.25,3.5,3,1,3.25,4,1.25,4.25,4,1,1,1,1,3.5,3
1016,1.5,3.75,4,1.75,3.5,4,3,2.5,4,2.75,1,4,3.5,1,5
1017,3.25,1.5,4,2.75,1.75,4,3.75,1,4,3.5,1,4,2.75,1,4
1018,3,1,5,NA,NA,NA,NA,NA,NA,NA,NA,NA,NA,NA,NA
1019,3.25,2.5,3,NA,NA,NA,3,NA,NA,NA,NA,NA,NA,NA,NA
1020,1.25,3.25,2,1.25,2.25,5,1.5,3.75,2,1.25,3.25,2,1,3.5,2
1021,1,4,5,1.5,3.5,4,1.25,3,4,1.25,3,4,1,2.5,4
1022,2,3.75,4,1.25,3.75,3,1.5,1.5,4,2,1.75,4,1.75,2,5
1023,1.5,1.75,5,1,2,3,1,1,3,1.75,1,3,1,1.25,4
1024,3.25,2.25,5,1.5,1.25,5,2.5,1.5,5,1.25,1.75,5,1,1,5
1025,1.5,1.75,4,1.5,1.5,4,1.5,1.25,4,1,1.5,3,2,1.5,4
1026,2.5,1.5,4,1.75,1.5,4,2.75,1,4,2.75,1,4,2.5,1,4
1027,1.5,2.75,3,1.25,4,2,1.25,3.25,3,1.25,3.25,4,1.25,2,4
1028,3,NA,NA,NA,NA,NA,NA,NA,NA,NA,NA,NA,NA,NA,NA
1029,4.25,1,5,4.5,1.5,5,4.5,1,5,3.25,1,4,3,1,4
1030,1.25,2.25,4,1.5,1.75,3,1.5,1.5,3,1.25,2.25,4,1.5,1,3
1031,3.75,1.75,5,3,1.5,5,4,1,5,4,1,5,2.25,1,5
1032,1.25,1.75,3,1,2,3,1.25,2.75,3,2.25,2,3,2.25,2.5,4
1033,3.25,3.5,5,1.75,4.25,5,1.75,3.5,5,2.75,2.5,5,2.25,3.5,5
1034,2.75,3.75,4,1.75,3.25,4,1.5,2.75,4,1.25,3,5,1.75,1.75,4
1035,1.5,3.5,4,1,2,3,2,3,3,1.5,3,3,1.25,3,3
1036,1.75,1.25,4,1.75,1.75,5,2.25,1.25,5,1.75,1,5,3.5,1,4
1037,2.5,NA,NA,NA,NA,NA,NA,NA,NA,NA,NA,NA,NA,NA,NA
1038,3.75,1.75,5,2,NA,NA,3.75,1.25,5,3.25,1,5,NA,NA,NA
1039,2.25,2.25,3,2.25,1,3,2.5,2.5,3,1.75,1.25,3,2.5,1,4
1040,2.5,2.25,4,1.5,1.75,4,3.25,1.75,3,2.5,2,3,2.75,1.5,3
1041,2.75,3.5,4,NA,NA,NA,2.75,NA,NA,2.5,3.5,4,2.5,2.5,3
1042,2.5,1,2,2.25,1.25,2,2.25,1.25,1,1.75,NA,NA,NA,NA,NA
1043,3.25,1,4,3,1,4,3,2,4,2.5,2.75,3,2.75,1,4
1044,1.5,1,3,2.75,1,2,2,1,4,2,1,2,2.5,1.25,3
1045,2.5,1,5,2,1.75,3,2.75,1,5,3.25,1,5,1.75,3.5,1
1046,1.5,4,5,3.25,3.5,5,2.75,4.5,5,1,2.75,5,2.5,2.5,5
1047,1.75,2,4,1.75,2,4,1.5,2.25,4,1.25,2.5,4,1.5,2.75,4
1048,1.25,2,4,NA,NA,NA,2.25,2.75,4,1.25,1.25,5,1.25,2.5,3
1049,1.75,NA,NA,NA,NA,NA,NA,NA,NA,NA,NA,NA,NA,NA,NA
1050,2.75,2,5,2.5,2,5,2.75,1.25,5,2,1,2,2,1.25,3
1051,2.25,2,5,3.25,2,4,3.25,1,4,2.25,1,4,3,1,4
1052,4,1,5,3,1,4,3.5,1,3,2,1,5,3.25,1,5
1053,3,2.5,4,3.25,1,4,2.5,3,4,2,3,3,2.25,2.75,3
1054,5,1.75,4,4.75,1,3,5,1,4,4.5,1,5,3.5,1,5
1055,3,3,5,3.75,2.25,5,4,2.25,5,4.5,NA,NA,NA,NA,NA
1056,2.5,3,5,NA,NA,NA,NA,NA,NA,NA,NA,NA,NA,NA,NA
1057,1,1,5,1,1,5,1,1.5,5,1,1,5,1,1,5
1058,1,4.25,4,1.25,4.75,3,1,4,3,1.75,3.75,5,1.25,4,4
1059,1.75,2.5,4,1.75,NA,NA,NA,NA,NA,NA,NA,NA,NA,NA,NA
1060,2.25,NA,NA,NA,NA,NA,NA,NA,NA,NA,NA,NA,NA,NA,NA
1061,1.75,3.25,4,NA,NA,NA,NA,NA,NA,NA,NA,NA,NA,NA,NA
1062,2.25,2.5,4,2.75,2,5,2.25,1,5,1,2.5,5,1,1.25,5
1063,1.25,2.25,2,1.5,2.5,3,1.25,1,3,1,2,3,1.5,1.5,2
1064,2.5,4.25,5,NA,NA,NA,2.25,2.75,3,2.5,3.75,1,1,3.75,4
1065,2.25,1,3,2.5,1,3,2.5,1,2,2.75,1,3,3.25,1,3
1066,1.75,1,3,1,2,3,1.25,2.25,3,1,2.5,3,1.5,2,3
1067,1,5,3,1,5,3,2,5,5,1,5,4,1,1,1
1068,1.75,2.75,4,2,2.5,4,1.5,1.75,4,1.5,1.75,3,1.5,2.25,4
1069,1.25,3.5,4,1.25,4.25,4,1.5,4.25,3,NA,NA,NA,NA,NA,NA
1070,2.25,2.75,4,2.25,3,5,1.75,2.25,5,NA,NA,NA,NA,NA,NA
1071,1.75,NA,NA,NA,NA,NA,NA,NA,NA,NA,NA,NA,NA,NA,NA
1072,1.25,NA,NA,NA,NA,NA,NA,NA,NA,NA,NA,NA,NA,NA,NA
1073,3.5,3.75,4,1,2,3,3.5,1.75,2,2,1,1,2,2.5,3
1074,1.5,3.5,5,1.25,4.25,3,1.25,5,5,1,4.25,5,1.5,5,5
1075,2.25,4.25,3,1.5,5,3,1.25,4.5,3,1.25,4.25,4,1.25,4,4
1076,3.25,4,5,2.75,4.25,4,3.5,3.75,5,2,3.75,5,3,3,5
1077,2.75,1,4,3,1,2,3,1,3,2.75,1,2,3.75,1,2
1078,3.5,2,3,NA,NA,NA,NA,NA,NA,NA,NA,NA,NA,NA,NA
1079,3,3.25,3,NA,NA,NA,3,1.25,2,2.75,1.5,2,NA,NA,NA
1080,2.25,3,5,2,2,5,2.25,2.75,5,2.5,1.25,5,1.75,1,5
1081,1.75,2.25,4,1.5,3.25,4,1.75,3,5,1.5,2.75,4,1,2,4
1082,2,1.5,4,2,1.25,4,2.25,1,4,2,1,4,1.25,1,4
1083,2,3.25,4,1.5,3,4,1.75,3,3,2,3,3,1.5,3.25,3
1084,1.5,2.5,3,1,1,3,1.5,1,3,1,1,2,2,1,1
1085,2.5,1,3,NA,NA,NA,NA,NA,NA,NA,NA,NA,NA,NA,NA
1086,1.75,2.5,4,1.5,2.5,4,1,2.75,5,1.5,2.5,5,1.5,1,5
1087,2.5,1.75,5,1.5,2,3,2.25,1.75,4,2.25,1,4,2,1,4
1088,1,NA,NA,NA,NA,NA,NA,NA,NA,NA,NA,NA,NA,NA,NA
1089,1.75,NA,NA,NA,NA,NA,NA,NA,NA,NA,NA,NA,NA,NA,NA
1090,2,2.5,3,NA,NA,NA,NA,NA,NA,NA,NA,NA,NA,NA,NA
1091,2.25,4,4,1.25,3.75,4,2,3.5,4,1.75,4.5,4,1.75,4,5
1092,3,1,3,NA,NA,NA,NA,NA,NA,NA,NA,NA,NA,NA,NA
1093,1.75,4.25,2,2,3.75,2,1.75,4.5,2,1,4,3,1.5,3.75,2
1094,1.75,2.75,3,1.5,2.5,3,1,1.5,3,1.25,2,4,1.5,1.25,4
1095,1,1.75,4,1,1.5,4,1,1.25,5,1,1.25,5,1,1,5
1096,3,2.5,4,3.25,2.75,4,4,3.25,4,3.25,2.5,4,3.25,2.5,5
1097,3.25,1,4,3,2.5,3,2.75,1.5,3,2.75,1.25,4,2.5,NA,NA
1098,2.5,2.5,4,1.75,3.25,4,2.5,2.5,4,2.5,2.75,4,2.25,3.25,4
1099,2.5,1.25,3,2.25,1,2,3.25,1,3,2.25,1,2,2.75,1,3
1100,1,NA,NA,NA,NA,NA,NA,NA,NA,NA,NA,NA,NA,NA,NA
1101,2,2.25,4,1,1,4,2.25,1.25,4,2,1,4,2.25,1,5
1102,1,2.25,4,NA,NA,NA,NA,NA,NA,1,2.25,3,1,4,5
1103,2.25,1.75,5,2.5,1.5,4,2.25,1,5,2.75,1,5,1.75,1.5,5
1104,1,3.75,4,1.5,3.5,4,1,3,4,1,3.5,4,2,2.75,4
1105,2.5,1,4,3,2,4,4,1,3,3,2.25,4,2,2.5,4
1106,3.25,1.75,3,2.5,2,4,3,1.5,3,2.75,1.5,4,2.5,2,4
1107,1.75,1.75,4,1,1.25,4,1,1,4,1,1,5,1.25,1,5
1108,1.5,2.5,5,1.75,3.75,3,1.25,1.75,4,2.5,2.75,5,1.75,1.5,4
1109,1.25,1.5,5,1.75,1.5,5,2.25,2,5,2.5,1.25,4,2.25,1.25,4
1110,1.5,2.5,5,1.5,1,5,1.25,NA,NA,1.5,2,5,1,1,5
1111,2.25,1.25,5,2.75,1.75,5,2.25,1,5,2,1,5,2.5,1.5,5
1112,3.25,1,4,3,1.5,4,2.75,1.25,5,2.75,1,5,2.75,1.25,5
1113,1.25,NA,NA,NA,NA,NA,NA,NA,NA,NA,NA,NA,NA,NA,NA
1114,3.75,1,4,1.5,3.25,3,1.5,3.75,4,1,3.25,3,1,4,4
1115,3,1.25,5,2.75,1.5,3,2.5,1,3,3.25,1.25,4,3.75,1.25,4
1116,1.5,4,5,1.75,NA,NA,NA,NA,NA,NA,NA,NA,NA,NA,NA
1117,1.5,2.5,5,1,2,5,1.5,1,5,2.25,1,5,1,2,5
1118,4,1,4,4.5,1,4,4.75,1,2,4.75,1,5,4.75,1,4
1119,2.25,NA,NA,NA,NA,NA,NA,NA,NA,NA,NA,NA,NA,NA,NA
1120,1.5,2,4,1.25,2,3,2,3,4,1.5,1.75,4,NA,NA,NA
1121,2,2.5,5,3.25,2,5,3.5,1.25,5,3.75,1.5,5,3.5,1.5,5
1122,1.5,3,3,2.25,3,3,2,3,3,1.5,3,3,NA,NA,NA
1123,2.75,1,2,2,2,4,3,NA,NA,NA,NA,NA,NA,NA,NA
1124,2.5,1,4,NA,NA,NA,NA,NA,NA,NA,NA,NA,NA,NA,NA
1125,4,2.5,3,3,3,4,3.5,3.5,4,3,3,5,3,2.75,5
1126,3.5,1.75,4,2.5,1.25,5,3.25,1.25,5,3.5,1,5,3,1,5
1127,3.25,1,4,3.5,1,4,3.25,1,5,3.75,1.25,4,3.25,1,5
1128,2.25,1,5,1.75,1.75,5,1.25,1,5,2.25,1,5,1.25,NA,NA
1129,1,4.25,3,1,5,3,1,4.25,2,1,3.25,3,1,3.75,3
1130,1,3,4,1,2.5,4,NA,NA,NA,NA,NA,NA,NA,NA,NA
1131,1,NA,NA,NA,NA,NA,NA,NA,NA,NA,NA,NA,NA,NA,NA
1132,2,4.5,5,2.5,4,5,1,5,5,1,2,3,1.25,5,5
1133,1,3.25,2,1.25,3,5,4,3.5,5,1,3,5,2.75,2.25,5
1134,1.5,2.75,4,1.5,3,4,1.5,2,3,1,2.75,3,NA,NA,NA
1135,1,4,5,1,3.25,5,1,2.5,5,1,4,5,1,5,5
1136,3,1,3,NA,NA,NA,NA,NA,NA,NA,NA,NA,NA,NA,NA
1137,3,1.75,5,2.25,1.25,5,3,1.25,4,2.75,1,5,2.75,1.25,4
1138,2.25,2,5,NA,NA,NA,NA,NA,NA,NA,NA,NA,NA,NA,NA
1139,1.25,2.75,4,NA,NA,NA,NA,NA,NA,NA,NA,NA,NA,NA,NA
1140,1,4.25,4,1,3.75,3,1,3.25,3,NA,NA,NA,NA,NA,NA
1141,1.5,1.25,5,1.5,2.25,5,1.75,1,4,1.25,1,4,1,1,4
1142,1,2.75,4,1,5,5,1,2.25,5,1,2.5,5,NA,NA,NA
1143,1.25,2,5,1.25,3,5,1.25,3.25,5,1.25,1.5,5,NA,NA,NA
1144,3,1,4,2.5,1,5,3.25,1,4,3.25,1,4,3.5,1,4
1145,1.5,2.75,4,1.5,2.75,3,2,2,4,2,3.25,4,2,2.5,5
1146,3.25,2.75,3,3,3,3,3.5,3,3,NA,NA,NA,NA,NA,NA
1147,3.25,2,5,2.25,2.75,5,3,2.25,5,3.25,2.5,4,3,2,5
1148,2.25,1.75,5,3,NA,NA,NA,NA,NA,NA,NA,NA,NA,NA,NA
1149,2.25,1,4,NA,NA,NA,NA,NA,NA,NA,NA,NA,NA,NA,NA
1150,2,3,4,NA,NA,NA,NA,NA,NA,NA,NA,NA,NA,NA,NA
1151,2.25,2.5,4,2,2.75,4,2.5,2.75,5,2.75,3,4,2,2.5,4
1152,2,3.25,3,1.5,2.25,3,1.75,1.75,4,1.25,1.5,4,1.5,3.5,4
1153,3,2.5,4,NA,NA,NA,NA,NA,NA,NA,NA,NA,NA,NA,NA
1154,1.75,1.5,4,1.75,1.75,4,1,1.25,4,1.25,2,3,1.25,3,3
1155,1.25,1,4,1.75,1.25,4,3.25,1.25,4,1.5,1,4,NA,NA,NA
1156,2.75,NA,NA,NA,NA,NA,NA,NA,NA,NA,NA,NA,NA,NA,NA
1157,3,2.25,4,2.5,1.25,4,3.5,1,4,1.5,1,4,2.75,1.75,4
1158,1.75,1.75,5,1.5,1.5,3,2.75,1.25,3,1.5,1,3,1.75,1,2
1159,3.5,NA,NA,NA,NA,NA,NA,NA,NA,NA,NA,NA,NA,NA,NA
1160,3.5,1,3,3.5,1.5,4,2.5,1,3,1.5,1,3,NA,NA,NA
1161,1.25,2,3,1.5,3,4,2.25,2.75,3,1.5,2.25,4,NA,NA,NA
1162,2.5,2.5,4,2.75,2.25,4,3.75,1.75,5,4.5,1,2,1,1,3
1163,2.25,1,4,1.75,1,5,2.5,1,2,3.25,1,3,4.5,1,4
1164,1.75,1.5,3,2.5,1.25,4,3.25,1,3,3.5,1,4,3.25,1,4
1165,2,2,4,NA,NA,NA,2.5,1.25,3,1.75,2,4,2,1,4
1166,1.5,4.25,3,1.25,2.75,2,2,3.25,3,1,3.25,3,1.25,3.5,3
1167,4.5,1,5,3.75,1.5,5,3.5,1,5,1.75,1.25,5,NA,NA,NA
1168,3.5,3,5,3,2.5,5,3,1.25,5,3.25,1.5,5,1.5,2.25,5
1169,1.5,2.5,3,1,2.5,3,1.25,2.5,3,1.25,2.25,3,1,2,3
1170,4.5,2.25,4,4,2.25,3,4.75,1.25,3,3.5,1,3,3.75,1,3
1171,3.25,1.75,4,2.75,2.25,5,3,NA,NA,NA,NA,NA,NA,NA,NA
1172,1,5,5,1,5,4,1,5,4,1,5,4,1,3,5
1173,3.25,2,4,2.5,2.5,3,4.25,1,2,2.5,1,3,NA,NA,NA
1174,1,NA,NA,NA,NA,NA,NA,NA,NA,NA,NA,NA,NA,NA,NA
1175,1,2.5,3,NA,NA,NA,1,3.25,4,1,3.5,4,1.5,3,3
1177,3,4.25,3,4,3.25,3,4.25,3.25,4,2.25,3.25,4,5,2.75,5
1178,1.5,4.5,3,NA,NA,NA,NA,NA,NA,NA,NA,NA,NA,NA,NA
1179,1.5,1,3,1.25,1,4,2,1,4,1.75,1,4,1.5,1,4
1180,1.25,3,4,1.25,3,4,1.25,2.75,3,1,2.75,3,1.25,3,3
1181,2.25,1.5,4,2.5,2,4,NA,NA,NA,NA,NA,NA,NA,NA,NA
1182,2.5,1.25,5,1.75,1.25,5,1,2,5,1.25,3,5,2,2,5
1183,4,2.25,5,3.25,2,4,2.5,NA,NA,2.75,NA,NA,NA,NA,NA
1184,3,2,5,2.25,1.75,5,4,1.25,5,3.25,1,5,3.25,1,4
1185,3,NA,NA,NA,NA,NA,NA,NA,NA,NA,NA,NA,NA,NA,NA
1186,2,2,5,2.25,NA,NA,3.5,1.25,5,2.5,1,5,2.25,1,5
1187,1,1,2,1,1,5,1,1,5,1,1,1,1,1,2
1188,1.5,3.75,4,1,2.25,3,1.25,2.5,4,2,2.25,4,2.5,2,5
1189,2,2.25,5,NA,NA,NA,3.5,1.75,5,NA,NA,NA,NA,NA,NA
1190,2,1,4,2.75,1,4,2.5,1,4,2.25,1,4,1.75,1,4
1191,2,2.25,5,3,1.75,4,1.75,1,5,1.75,1,4,3,1,5
1192,2.75,1.75,3,1.75,1,3,2,2.5,2,2,1,2,2,1,4
1193,1.75,1.25,5,1,2.5,1,1.25,3.5,1,5,2.5,2,1.5,2,1
1194,3.5,3,5,5,2.75,3,3.25,3,5,4.5,1.75,5,4.5,1.75,5
1195,1,3,5,1,3.5,4,1,3.5,4,1,4.75,5,1,1.75,2
1196,2.5,1.75,5,1.75,1,5,1.5,1,4,1.25,1,4,2.25,1,5
1197,3.25,5,5,2.5,3.5,3,2.5,1.5,5,1.5,2.25,4,3.25,3.5,5
1198,1.25,3,5,2.25,3,5,2.25,1.75,5,2,2.25,3,1.75,1,5
1199,1.25,2.75,5,NA,NA,NA,2.75,2,5,NA,NA,NA,NA,NA,NA
1201,3,NA,NA,NA,NA,NA,NA,NA,NA,NA,NA,NA,NA,NA,NA
1202,1.25,2.25,3,2.5,3.25,2,2.5,3.25,3,2,2,3,2.25,3.25,5
1203,2.25,2,4,3.75,2.25,5,2.75,1.5,5,2,1,5,1,1.25,5
1204,2.25,2.5,5,1.5,2.25,5,1.75,1.25,5,1.5,2.25,4,1.5,1,4
1205,1.25,NA,NA,NA,NA,NA,NA,NA,NA,NA,NA,NA,NA,NA,NA
1206,2.75,3.75,4,2.75,3.5,4,2.75,3.25,4,3,3,5,2.75,1.75,5
1207,1.25,3,5,NA,NA,NA,2,3,5,1,2.5,5,1,2.5,5
1208,3.25,2.25,4,2.5,1.5,5,3,1.75,5,2.75,1,5,2.75,NA,NA
1209,1,3,3,NA,NA,NA,NA,NA,NA,NA,NA,NA,NA,NA,NA
1210,2.75,2.25,5,3.25,1.75,4,3,1.75,4,2.75,1,5,4,1.25,5
1211,2,1,5,1,2,5,1.25,2.25,4,2.5,1.5,5,2.5,1,5
1212,1.25,2.75,1,NA,NA,NA,NA,NA,NA,NA,NA,NA,NA,NA,NA
1213,1.5,2.5,4,1,1,4,1,1,4,1,3,5,1,1.75,5
1214,2.5,NA,NA,NA,NA,NA,NA,NA,NA,NA,NA,NA,NA,NA,NA
1215,2.25,2,4,2.25,2,4,1.5,2,4,2.25,2,4,1,1.75,4
1216,1.75,1.5,4,2,1,4,2.5,1,4,1.75,1,4,2,1,4
1217,3,1,5,3.5,1.5,5,4.25,1,5,3.75,1,5,2.5,1,5
1218,2.75,1,3,2.25,1,4,5,1,5,4,1,4,4.75,1,5
1219,1,3.5,5,1,3.75,4,1,4,5,1,4.5,5,1,3.5,5
1220,1.75,1.75,4,1.75,1,4,2.5,1.5,4,2.75,2,4,2.75,1.75,3
1221,2.75,1.75,4,2.75,1,5,3,1,5,2.75,1,4,2.75,1,4
1222,2,2.25,4,2,1.5,3,2.5,1,4,2.25,1,4,2.25,1,3
1223,1.25,2.75,4,1.25,2.75,5,2,2.75,4,2,3.5,3,NA,NA,NA
1224,2.75,1.25,4,1.5,1,5,1,1.75,5,1,1,5,1,1,5
1225,3.5,2.25,5,3.75,1,5,4.25,1,5,4,1,5,4.5,1,5
1226,1,NA,NA,NA,NA,NA,NA,NA,NA,NA,NA,NA,NA,NA,NA
1227,2.75,2,4,2.75,1,4,1,2.5,4,1.25,2,4,2.5,2,4
